Name,State,Party,DW-Nominate,Legislative Efficacy Score,Misalignment,CR_mean,CR_std,CR_median,CR_97.5,CR_2.5,PR_mean,PR_std,PR_median,PR_97.5,PR_2.5,Combine_mean,Combine_std,Combine_median,Combine_97.5,Combine_2.5
"Rohrabacher, Dana",ca,Republican,0.629,0.106620632,0.0,0.600442617228,0.0668618638022,0.595653516495,0.737596854539,0.493309812202,0.636452124179,0.0639247520454,0.625758725731,0.761294863543,0.54163473788,0.618083054299,0.0906199496014,0.619990449061,0.778135066278,0.454600904847
"Goodlatte, Bob",va,Republican,0.49,5.377011776,0.0,0.742713250787,0.0535586361275,0.739860443805,0.849938531997,0.631925590335,0.978223286118,0.037402301517,1.0,1.0,0.890063472727,0.959430792468,0.0622297203029,1.0,1.0,0.800159026992
"Yarmuth, John A.",ky,Democratic,-0.383,0.076157592,0.0,0.27841319551,0.0660473108067,0.270109126684,0.430110582135,0.183928532876,0.177519323166,0.0784489711922,0.1755855954,0.345484274318,0.0507861575662,0.165982226025,0.0732330161893,0.167644435205,0.304049894537,0.0260898949346
"Smith, Adam",wa,Democratic,-0.281,0.137083665,0.0,0.603630869161,0.0608381970438,0.595639624463,0.724033561955,0.495689590079,0.518474268979,0.0631682700599,0.51820202772,0.642767583112,0.404320464374,0.544195308924,0.0790097661633,0.54452211155,0.698006808637,0.388636216288
"Harris, Andy",md,Republican,0.597,0.285611868,0.0,0.631265027428,0.0643394751459,0.616222285482,0.761522385198,0.528974648695,0.686512069748,0.0782283099299,0.681928627385,0.860855840832,0.53807696913,0.694084547632,0.108004792037,0.681702971691,0.911233247665,0.499393668299
"Costa, Jim",ca,Democratic,-0.199,0.239917308,0.0,0.357992472595,0.0695141431187,0.357151431666,0.512495837532,0.22865862232,0.454585650809,0.0825390463723,0.452033707995,0.617932032789,0.278807564944,0.4508025977,0.0886889071283,0.444051926506,0.647823900521,0.275610927596
"Chu, Judy",ca,Democratic,-0.512,0.137083665,0.0,0.392113949324,0.0642206859501,0.386259159453,0.533838158757,0.282802756434,0.521223772063,0.115272322616,0.535585134319,0.693779950953,0.261733427798,0.49422578873,0.145859618566,0.514632940161,0.718001953712,0.179539694752
"Kelly, Robin L.",il,Democratic,-0.448,0.228472784,0.0,0.0322119203467,0.0502319306241,0.0,0.163725096936,0.0,0.308765010608,0.0502998200552,0.298396043742,0.433803917897,0.231277494278,0.188243053367,0.076971928357,0.189881572386,0.335902624184,0.0606507686986
"Brady, Robert A.",pa,Democratic,-0.484,0.063972384,0.0,0.571616388983,0.0572018122921,0.571412375908,0.679031511943,0.473266532137,0.556037914067,0.0758059868465,0.556593508275,0.705820199333,0.396942372949,0.585363414997,0.0980698062796,0.588868248107,0.747709457078,0.384457168818
"Cicilline, David N.",ri,Democratic,-0.396,0.647688031,0.0,0.0960245378337,0.0728968520756,0.102322884038,0.244793499715,0.0,0.323912353792,0.0724834665975,0.314197330366,0.472862989567,0.208850346178,0.264634655758,0.0801743908034,0.258388008872,0.416743549052,0.104654501696
"Mulvaney, Mick",sc,Republican,0.754,0.538021088,0.0,0.539584587348,0.0617244144249,0.53025651339,0.673434402504,0.445072536432,0.801461545983,0.0708499695195,0.782944524126,0.960914401407,0.702198257629,0.770393104905,0.0962089798387,0.770809364561,0.934064595608,0.620918064052
"Clarke, Yvette D.",ny,Democratic,-0.605,0.422304511,0.0,0.31595087848,0.0698567777464,0.311990894954,0.465809447583,0.192804951326,0.11506355514,0.076541738365,0.108384544554,0.2715096493,0.0,0.0892293151624,0.0684690219785,0.084364885627,0.202207395181,0.0
"Mullin, Markwayne",ok,Republican,0.49,1.404404163,0.0,0.601285149292,0.0612341487038,0.59423888128,0.726422804166,0.502926232835,0.710224002743,0.0663652631464,0.700510225473,0.844464512237,0.609248469296,0.689843666528,0.0906293154776,0.690039588204,0.84800514306,0.533393060827
"Lofgren, Zoe",ca,Democratic,-0.403,0.246750608,0.0,0.480633406048,0.0614563287075,0.471516438915,0.597505310798,0.378198569589,0.441381879402,0.0613597064373,0.43400295644,0.579771455778,0.344554120498,0.407680445136,0.0678346957443,0.401652954976,0.536912650889,0.275702958755
"Takano, Mark",ca,Democratic,-0.476,0.594112754,0.0,0.185021417801,0.0693308652521,0.185179558122,0.327016375776,0.0581274856622,0.459558308382,0.0605216630416,0.456919513051,0.57514420331,0.343657373954,0.268647458124,0.0732018374926,0.273309807832,0.412106072889,0.126193960366
"Meeks, Gregory W.",ny,Democratic,-0.423,0.227640375,0.0,0.294139778547,0.061448470416,0.289388384073,0.414046201281,0.191805995553,0.35996966228,0.0626941216837,0.354795396039,0.483271217408,0.260852880326,0.340552693223,0.0715869114421,0.345778760792,0.468345214881,0.201583438428
"Welch, Peter",vt,Democratic,-0.417,0.799210548,0.0,0.423893992523,0.0587350830833,0.418866238517,0.557028080441,0.322320974833,0.287995485343,0.0653401470955,0.285548494123,0.442938491013,0.177203978342,0.239922160168,0.0654844122576,0.235513395733,0.375395704534,0.12455012729
"Pascrell, Bill, Jr.",nj,Democratic,-0.368,0.996924222,0.0,0.305610019476,0.0664271978971,0.301075313216,0.441405478579,0.185338850828,0.15357668198,0.0804904408742,0.149642848973,0.310765398079,0.0131591506563,0.130222941729,0.0763572968885,0.133813588046,0.297472601819,0.0
"Hartzler, Vicky",mo,Republican,0.504,0.091389112,0.0,0.690522705833,0.0619462098717,0.680109219636,0.812794050001,0.593769294066,0.760291797602,0.0688511165892,0.751266093911,0.900443339547,0.645566388656,0.758454100929,0.0934015961536,0.753083879648,0.93199638176,0.614601313461
"Massie, Thomas",ky,Republican,0.604,0.091389112,0.0,0.587699018793,0.0623679464804,0.581249064472,0.706643236725,0.489748931351,0.334655446284,0.103805622963,0.315464272663,0.597695394399,0.194771790284,0.253190246477,0.137594325895,0.22320430186,0.548046452702,0.0751144855025
"Cole, Tom",ok,Republican,0.337,1.26077795,0.0,0.533371527436,0.064334050138,0.533788776824,0.657013303844,0.407461305515,0.718262828865,0.0684060098462,0.709210857508,0.847315341557,0.614383049787,0.6356111922,0.0884304585443,0.629273346611,0.804196649668,0.505198177721
"Gohmert, Louie",tx,Republican,0.597,0.270380348,0.0,0.775527641454,0.0852204131337,0.772628932145,0.950018487564,0.611453780594,0.670744229217,0.0681979864339,0.660496687205,0.810837240862,0.563559581017,0.720666409286,0.100903374277,0.711619646651,0.920149476643,0.546771123745
"Beatty, Joyce",oh,Democratic,-0.449,0.413906276,0.0,0.107355514707,0.0777033160885,0.103063936447,0.260713355075,0.0,0.263867433401,0.0708812139236,0.25996206634,0.422306977123,0.151878620958,0.169365417594,0.0732224749919,0.166582403701,0.310368416352,0.0205043928478
"Hudson, Richard",nc,Republican,0.683,2.050586224,0.0,0.64914003483,0.0672935669871,0.642379858564,0.799469373921,0.543200718839,0.707272768818,0.0664883864514,0.690735956483,0.847238554968,0.608711594027,0.641305602415,0.0856523692655,0.646695327994,0.798961025238,0.498382005756
"Barr, Andy",ky,Republican,0.47,1.364548564,0.0,0.543833571294,0.058012846263,0.535284089796,0.663572915835,0.447351414566,0.68977028018,0.0709574718784,0.684203319034,0.819228802294,0.55107386883,0.673436067468,0.0902686565414,0.666483583682,0.831948148348,0.509192126101
"Conyers, John, Jr.",mi,Democratic,-0.66,0.502640128,0.0,0.343595930859,0.0680784164558,0.342770946121,0.48966694918,0.235454517633,0.151523947224,0.077242294599,0.150118219673,0.313563198177,0.0,0.134331362475,0.079514373991,0.127880568472,0.294182767676,0.0
"Thornberry, Mac",tx,Republican,0.529,0.368015409,0.0,0.598804998414,0.0595725527961,0.597334525659,0.709650669301,0.490672686423,0.837226912924,0.0706632199066,0.819412057306,0.97168733078,0.730328413739,0.796101743577,0.101592526866,0.801091316747,0.96473527741,0.647919107473
"Castro, Joaquin",tx,Democratic,-0.41,0.121852152,0.0,0.157401925609,0.0758183704204,0.160323859456,0.330438385978,0.00450200493872,0.462773228454,0.0644510884222,0.457511997957,0.602918468303,0.35654724827,0.34729996141,0.0738284395505,0.342015271149,0.489824696749,0.204542769617
"McCarthy, Kevin",ca,Republican,0.459,1.644431829,0.0,0.588630130795,0.0597260928394,0.580362145331,0.712806734725,0.490760530702,0.745682356869,0.0706331989484,0.735049603411,0.887973496995,0.622384474557,0.780000552281,0.0976490112536,0.779859535373,0.970524417697,0.616281229255
"Holding, George",nc,Republican,0.671,1.456344724,0.0,0.715801385411,0.072841706948,0.71008283428,0.900512063921,0.592339259707,0.790111233008,0.0744003498193,0.77217012418,0.942021397328,0.677697492505,0.75744534526,0.100856716653,0.752944112099,0.954121243533,0.595886934108
"Ellison, Keith",mn,Democratic,-0.541,1.138201833,0.0,0.323208886233,0.0675950010488,0.314839374159,0.461002648598,0.208945464867,0.267825241604,0.0699671504578,0.262575251674,0.412995853704,0.146575038149,0.225017353798,0.0722043677291,0.229585842924,0.378869821045,0.0858567320869
"Polis, Jared",co,Democratic,-0.285,1.563552737,0.0,0.18180721263,0.0877415807867,0.18925085941,0.352602265999,0.013357531992,0.502547692908,0.0635193251256,0.500480475847,0.631646137967,0.39097749848,0.357786200313,0.0700601929274,0.355401159605,0.497702420752,0.230834093688
"Shimkus, John",il,Republican,0.371,0.461863488,0.0,0.580383267029,0.0579635116505,0.575592666393,0.704747377232,0.47997565664,0.576485551428,0.0631669850785,0.571218560421,0.712746578825,0.473161775506,0.575555727835,0.0815074396925,0.57163674935,0.728939898609,0.435043318298
"Ryan, Tim",oh,Democratic,-0.409,0.343399912,0.0,0.351210067192,0.0597521829604,0.348518341875,0.464947523227,0.258469232383,0.363296898704,0.0666157671749,0.359763058064,0.492353441904,0.252536041905,0.335375244362,0.0703927974442,0.328149025567,0.473798806139,0.211528635005
"Fortenberry, Jeff",ne,Republican,0.295,0.513693631,0.0,0.600565453921,0.060990403731,0.593400775131,0.729710784664,0.497743661923,0.741619688488,0.0631492234571,0.728421611406,0.872710484423,0.648033801275,0.680830814567,0.0824640367042,0.686515158686,0.833131251531,0.544074754783
"LoBiondo, Frank A.",nj,Republican,0.2,0.875072062,1.0,0.550169866349,0.0667048951363,0.541398111665,0.69217429041,0.442535176751,0.441359790639,0.0754611484027,0.43843786576,0.585622947506,0.299759151311,0.390875256606,0.0840759784222,0.384546921211,0.564105262734,0.226779749664
"Herrera Beutler, Jaime",wa,Republican,0.377,0.595160127,0.0,0.513966435456,0.0595500289684,0.513844027141,0.650858578814,0.416043679806,0.470644274576,0.0634365088012,0.467993247122,0.609595727531,0.358405782245,0.43965069001,0.0725984722696,0.434588736534,0.578137876114,0.31505415137
"King, Steve",ia,Republican,0.62,0.270380348,0.0,0.900014348488,0.0839361433018,0.89765926079,1.0,0.716064742865,0.790825803253,0.0670451488519,0.77949754102,0.948067836494,0.68111409542,0.828707276599,0.108749518131,0.837346026423,1.0,0.641633321112
"Neal, Richard E.",ma,Democratic,-0.417,0.137083665,0.0,0.543103115765,0.0611135392419,0.539691272986,0.657565654386,0.420211410309,0.295734722147,0.0663464741779,0.297306013792,0.424011460491,0.172123506873,0.298135546953,0.064275911746,0.298302372571,0.413761829239,0.186271601962
"Heck, Denny",wa,Democratic,-0.325,0.837358475,0.0,0.351881105895,0.0686679696265,0.34938827277,0.496392839899,0.23027800374,0.367735171671,0.069286543511,0.358696800392,0.50422015178,0.246408204593,0.319951122126,0.0640914576603,0.318282933371,0.457426417301,0.19600092818
"Rush, Bobby L.",il,Democratic,-0.481,0.198009744,0.0,0.459847469868,0.0640773038779,0.452025140588,0.592721759655,0.356420647897,0.413018489633,0.0622167729974,0.405185846177,0.5501008162,0.31555766241,0.362809321711,0.0661361428479,0.355849814777,0.487617964808,0.248148684068
"Rothfus, Keith J.",pa,Republican,0.499,0.091389112,0.0,0.783438439421,0.0688621410533,0.770619074822,0.92574884965,0.687398066155,0.740173152409,0.0686341106933,0.721222464965,0.881620045214,0.641613044893,0.720938491986,0.0926177005722,0.717935321856,0.88961088533,0.578907329318
"Velazquez, Nydia M.",ny,Democratic,-0.546,0.975557089,0.0,0.54962576403,0.0464970332385,0.541378537372,0.647840991386,0.465513734823,4.63190499952e-05,0.000646810332733,0.0,0.0,0.0,0.00204022268529,0.00838236224115,0.0,0.0366426052232,0.0
"Hunter, Duncan D.",ca,Republican,0.511,1.863164067,0.0,0.38158748058,0.069807664994,0.377849899224,0.531368529886,0.248462188645,0.571002252904,0.0618915841662,0.572416763655,0.687427043133,0.460612955079,0.474807928745,0.0740592388703,0.472523786307,0.604401475333,0.35270759494
"Gutierrez, Luis V.",il,Democratic,-0.485,0.036555644,0.0,0.463174484247,0.065875305798,0.455240669105,0.616967494074,0.362492567245,0.326473232055,0.0744743743919,0.319025467625,0.515744049273,0.213260451492,0.309543421369,0.074140137181,0.306405460168,0.475559395826,0.16041305625
"Courtney, Joe",ct,Democratic,-0.353,0.124898456,0.0,0.357080391149,0.0606472949285,0.350099730346,0.487013003543,0.258827813233,0.295965139062,0.0681000265648,0.293602470763,0.44241020776,0.182442348552,0.277430035978,0.0680826971311,0.276304684482,0.411016293494,0.147794709205
"Byrne, Bradley",al,Republican,0.535,0.030463038,0.0,0.670761874876,0.0657433109289,0.657491461837,0.813753940954,0.567565923305,0.759547542031,0.0683524951903,0.745861462552,0.90090859181,0.661959190209,0.745143155039,0.0959210600538,0.740974571211,0.927641565564,0.601377937772
"Swalwell, Eric",ca,Democratic,-0.369,1.329789639,0.0,0.278915472433,0.0661069741678,0.275912902611,0.417950122501,0.17442274435,0.310364187686,0.0647914510842,0.302720847136,0.458405396435,0.211920255345,0.23734299502,0.0683342023653,0.237502823695,0.379253319979,0.103994211862
"Barletta, Lou",pa,Republican,0.274,2.381305218,0.0,0.560326023027,0.0627011949089,0.54917221907,0.694037846239,0.458808071643,0.774449315598,0.0701877785576,0.755129761475,0.92248853203,0.668871854852,0.725108222823,0.0872804222676,0.732875485242,0.878142736779,0.589036393707
"Crowley, Joseph",ny,Democratic,-0.407,0.213241264,0.0,0.13936359835,0.0754813290263,0.137025391177,0.281813771441,0.00128737946301,0.254929378733,0.0806500965963,0.243382848838,0.418216322775,0.123141666944,0.232736526725,0.0836988425174,0.239980988535,0.383741453074,0.0427874491363
"Jackson Lee, Sheila",tx,Democratic,-0.459,1.173909187,0.0,0.110490601755,0.0831355392231,0.105602019635,0.275138139782,0.0,0.360972607182,0.061706615261,0.350400548924,0.499448915021,0.25344522913,0.168403238621,0.0741661858672,0.167940784676,0.317405538759,0.0
"Gosar, Paul A.",az,Republican,0.604,2.160502195,0.0,0.663891454646,0.0701782824269,0.662769642129,0.81227461842,0.52861323771,0.792056846487,0.0743666546169,0.779358995616,0.954740994972,0.676511099839,0.780849567551,0.105590047379,0.787037338486,0.963955017447,0.609296420842
"Kennedy, Joseph P., III",ma,Democratic,-0.448,0.392310828,0.0,0.52820396132,0.0615796337685,0.526474930126,0.648334638412,0.424067210847,0.54909090864,0.0648556196091,0.54425870107,0.676142886607,0.436291227803,0.443138961833,0.0690494650698,0.445006943709,0.561152763334,0.317895009019
"Jordan, Jim",oh,Republican,0.701,0.076157592,0.0,0.657347523496,0.0632342469395,0.651239620744,0.786322420904,0.55956405255,0.735799705305,0.0671012105654,0.722378399932,0.862882753217,0.626443752906,0.750289755578,0.0942747505071,0.742896416593,0.915104430802,0.589318015201
"Cook, Paul",ca,Republican,0.407,1.101775408,0.0,0.551002242002,0.0635035109742,0.546652409579,0.681535305802,0.452315608777,0.657314284292,0.0643074936132,0.654341284947,0.783052638306,0.546241430137,0.632189537621,0.085472657722,0.634067856912,0.782102369332,0.486964299627
"Vargas, Juan",ca,Democratic,-0.381,0.276626289,0.0,0.474107682705,0.0572208904763,0.469852951803,0.610193273486,0.371324113671,0.291288163184,0.0843426611543,0.277380804261,0.473663238842,0.142516272514,0.255755894684,0.0806511928357,0.2562379107,0.416843003962,0.11168979556
"Huizenga, Bill",mi,Republican,0.64,1.877415538,0.0,0.623840311119,0.063184296344,0.613645233223,0.766035716708,0.521089836893,0.650630091907,0.0641584160554,0.646034787243,0.792096773186,0.548965188392,0.590966459975,0.0822665758702,0.588800715332,0.738098922407,0.445511378807
"McKinley, David B.",wv,Republican,0.291,1.562208652,0.0,0.563722410523,0.0698726546682,0.558299000947,0.712563317342,0.44130239871,0.626269237198,0.062395609078,0.619717757705,0.760218161558,0.527881823657,0.589092437807,0.0766341252491,0.586962238467,0.723677772169,0.452004962277
"Tipton, Scott R.",co,Republican,0.46,2.787441254,0.0,0.660716307868,0.0672957458915,0.653855152759,0.794209279571,0.549476126667,0.672824285331,0.0821059618205,0.666700116578,0.834567602347,0.539954030001,0.67548984919,0.0999643830671,0.686584468714,0.860778193276,0.495657624614
"Nadler, Jerrold",ny,Democratic,-0.509,0.304630369,0.0,0.347626460642,0.0568780782574,0.341494359713,0.480282794839,0.252798885421,0.134982620974,0.075489249352,0.127771990034,0.289097139247,0.0,0.124124353586,0.0763363724181,0.125034532797,0.258510468975,0.0
"Walz, Timothy J.",mn,Democratic,-0.28,0.67507273,0.0,0.552486828874,0.0602137041861,0.5490703743,0.674894832074,0.441154636882,0.345925040284,0.0689351417178,0.34610719843,0.467148143812,0.204622703395,0.314990428625,0.0679276796577,0.316613894296,0.444332341264,0.187613253137
"Ruppersberger, C. A. Dutch",md,Democratic,-0.303,0.03350934,0.0,0.624936694381,0.0688920395998,0.612620077046,0.78782830234,0.503917525272,0.382612058582,0.0619847155793,0.37280749401,0.516778140508,0.271306565048,0.355363843144,0.0665022887447,0.359464134629,0.499577653232,0.228161922711
"Moore, Gwen",wi,Democratic,-0.528,0.638941765,0.0,0.206063317536,0.0731100469895,0.20442378689,0.35540305642,0.0842039631495,0.509827071981,0.066296366006,0.502937175707,0.62851556219,0.39673285788,0.21859722346,0.0718701959347,0.2152486801,0.360317788864,0.08830798844
"Hanabusa, Colleen",hi,Democratic,-0.377,0.143176273,0.0,0.329365096763,0.0635314210773,0.325348642851,0.464848287536,0.224420381457,0.615938740283,0.0661391581551,0.606739036802,0.765883001996,0.514255354957,0.40565171531,0.0659716649504,0.399792308769,0.537284039639,0.28566571029
"Brady, Kevin",tx,Republican,0.518,0.951229632,0.0,0.515130197946,0.0662350596659,0.507438583083,0.649386124106,0.410706206796,0.769984487283,0.072708315154,0.749651505053,0.934926682522,0.667981491187,0.768160769346,0.0976271008937,0.760625596329,0.960093585316,0.612997228352
"Rokita, Todd",in,Republican,0.593,0.525043249,0.0,0.500618949695,0.0695400432024,0.497381905577,0.658043736788,0.374180676389,0.657234426118,0.0639922264085,0.649648949721,0.791686922842,0.561033866849,0.608983778997,0.0801521261742,0.609170215291,0.751478595929,0.47752188811
"Lowey, Nita M.",ny,Democratic,-0.39,0.167546704,0.0,0.325182146587,0.0584652031608,0.325166643679,0.441204288254,0.23136179351,0.129356874633,0.0735447309793,0.126877453731,0.2755942311,0.0125348508891,0.0954830000237,0.0622515060376,0.0963581794779,0.215102178492,0.0
"Lewis, John",ga,Democratic,-0.587,0.435546428,0.0,0.470876875948,0.0532031725989,0.465622234108,0.584047215401,0.381280564764,0.0988612362568,0.0675616972248,0.0968996285447,0.230968066572,0.0,0.139164038252,0.0719119285024,0.135620341195,0.267536466687,0.0
"Womack, Steve",ar,Republican,0.328,0.483230591,0.0,0.662520244706,0.0574570583377,0.659985507377,0.769753301437,0.561330709662,0.912317846884,0.0735999290369,0.905692496919,1.0,0.770162097725,0.882657025632,0.106291618816,0.898654677018,1.0,0.683759284059
"Stivers, Steve",oh,Republican,0.302,1.348587632,0.0,0.453456913481,0.0586850172297,0.445767225278,0.570262813789,0.353461989751,0.669974448839,0.0686812265583,0.663367875857,0.806829731651,0.544219380992,0.644587585599,0.0997825817337,0.636579265441,0.833097685524,0.466602394885
"Culberson, John Abney",tx,Republican,0.501,1.552134395,0.0,0.594873450459,0.0600112527794,0.592984810949,0.705632735116,0.496374506963,0.76629851043,0.0692500274086,0.753657160539,0.915600889359,0.660299876546,0.751522988267,0.0869289069134,0.743485867034,0.904162453661,0.615938416061
"Bishop, Sanford D., Jr.",ga,Democratic,-0.289,0.045694556,0.0,0.438155055567,0.0621951046065,0.432995327869,0.588766854873,0.330905674057,0.482630738034,0.0631210801458,0.478155221384,0.619956354152,0.367693782188,0.468583288531,0.0762586664636,0.47278749878,0.602527995752,0.310459919714
"Lucas, Frank D.",ok,Republican,0.36,3.680275202,0.0,0.676279651076,0.0684597428611,0.664834767011,0.826029390868,0.56928106823,0.813771918133,0.0741675499948,0.807149497058,0.968514684278,0.697559109624,0.802272854378,0.10498462226,0.814047257859,0.968073789991,0.638335846193
"Kuster, Ann M.",nh,Democratic,-0.259,0.31902948,0.0,0.267881211099,0.0641859011553,0.270809292984,0.404354207556,0.15440904222,0.287046521137,0.0634548330273,0.284481123381,0.41610310954,0.17354457465,0.269821942163,0.0645167007797,0.26972321285,0.387539907075,0.141120256366
"Visclosky, Peter J.",in,Democratic,-0.404,0.030463038,0.0,0.600437038323,0.0616646360548,0.598898207504,0.729507870116,0.496765197934,0.421344129536,0.0620205795235,0.421179076205,0.554780494968,0.306934562445,0.402812454205,0.0677966143773,0.396346613389,0.53165498525,0.288085657344
"Stewart, Chris",ut,Republican,0.517,0.764314771,0.0,0.710158764879,0.0621563014838,0.697136421238,0.83745272818,0.605182148136,0.832761280531,0.0736497036389,0.817736694519,1.0,0.71492746966,0.842743737861,0.100455511144,0.848931028372,1.0,0.677649719336
"Higgins, Brian",ny,Democratic,-0.347,0.137083665,0.0,0.365191438341,0.0701997347698,0.358688743467,0.499860705884,0.229801146324,0.20834949058,0.071695898107,0.204367539298,0.348989658042,0.0926705956118,0.153389685446,0.0692097138287,0.157538012088,0.272852797766,0.0205154483565
"Norcross, Donald",nj,Democratic,-0.38,0.0,0.0,0.484835637909,0.0620945840625,0.482568145433,0.624564226631,0.38671395375,0.133140362482,0.086468834693,0.120248818209,0.311460756116,0.0,0.112603076636,0.0744279781892,0.10380520024,0.277928304709,0.0
"Granger, Kay",tx,Republican,0.387,1.639233351,0.0,0.60946387932,0.0578803182722,0.605651140936,0.732781933059,0.504740837422,0.519433348464,0.0659746942652,0.51889065301,0.653569151871,0.403580274291,0.526196469916,0.0785593459851,0.530603344675,0.664514234154,0.377754433063
"Serrano, Jose E.",ny,Democratic,-0.489,0.243704304,0.0,0.528295710535,0.064379032015,0.522930510079,0.671832067184,0.428817633727,0.352530131441,0.0672261791262,0.34442875181,0.500389201581,0.241701903277,0.319192651002,0.0662438439498,0.316804692885,0.445654879737,0.196433864519
"Castor, Kathy",fl,Democratic,-0.438,0.121852152,0.0,0.323677490234,0.067631945479,0.321046408582,0.478326595881,0.210447334716,0.268143005551,0.0670732753754,0.266818178263,0.412509150494,0.158777683912,0.242341796706,0.0704080450101,0.238165500476,0.373885265058,0.109317481401
"Pallone, Frank, Jr.",nj,Democratic,-0.397,1.077275753,0.0,0.188508472697,0.0718877565433,0.178180173884,0.35074073222,0.0630551575763,0.271898563865,0.0862330857119,0.265728813929,0.465390999134,0.113572927224,0.262715489284,0.0886182276822,0.269865904094,0.436089993291,0.0732652895009
"Esty, Elizabeth H.",ct,Democratic,-0.309,1.046812773,0.0,0.431234514994,0.0610522321406,0.426435995722,0.563477216888,0.324128704431,0.108009894796,0.0745480987353,0.101492871709,0.257117836699,0.0,0.0796195228883,0.0641040401111,0.077250197703,0.211797333947,0.0
"Kinzinger, Adam",il,Republican,0.27,0.768451393,0.0,0.634805904579,0.064813862302,0.629333979232,0.767523010906,0.533324080688,0.702105178641,0.0711173086278,0.696798053903,0.86254819636,0.587653330938,0.66215881361,0.0875724213768,0.668264881683,0.814369414885,0.519241435994
"DeGette, Diana",co,Democratic,-0.437,0.182778224,0.0,0.420040340254,0.0661428867194,0.41427906353,0.550802566733,0.309281070298,0.321046993763,0.0691743152907,0.316968375668,0.462726554738,0.212053361731,0.313694296724,0.0722520572198,0.314572165436,0.450858645855,0.175037610468
"Denham, Jeff",ca,Republican,0.31,2.211299658,1.0,0.467239447612,0.0597212031914,0.469338523097,0.592423139701,0.362577492294,0.631585121611,0.0614480319064,0.62348471672,0.766794062379,0.52732096728,0.598928464252,0.0791827059675,0.605337677568,0.744873552167,0.461665041936
"Roby, Martha",al,Republican,0.36,0.407072991,0.0,0.632007597114,0.065243616799,0.626386924258,0.774329182839,0.528481844877,0.631031310926,0.0638727566407,0.624011540761,0.751150676122,0.525035747535,0.619109314493,0.0843271618826,0.613070346563,0.76179122153,0.474011804673
"Latta, Robert E.",oh,Republican,0.515,3.503434658,0.0,0.655753204573,0.0576885716005,0.65393950817,0.771486490374,0.555050510904,0.775293390852,0.069057854872,0.76646811642,0.919856716199,0.66228189115,0.768702577531,0.107111717971,0.777537092617,0.966568063545,0.587888741858
"Franks, Trent",az,Republican,0.753,1.494995236,0.0,0.788019434319,0.0859187920517,0.777370980809,1.0,0.647398476945,0.656415345903,0.0664897339245,0.642597102717,0.784006730253,0.558322669279,0.63180033277,0.0828304338833,0.637388873059,0.773937767494,0.487022077506
"Chaffetz, Jason",ut,Republican,0.648,4.262804508,0.0,0.637615784873,0.0611520009805,0.629587296333,0.752246273571,0.544153226886,0.796539727587,0.075737411688,0.781446612485,0.950003171227,0.670409325493,0.812382019565,0.103894430151,0.802822513372,1.0,0.636427907504
"Schweikert, David",az,Republican,0.642,0.513693631,0.0,0.595627725007,0.0559659768694,0.589445306891,0.711851909558,0.506023255796,0.77872911943,0.071750776379,0.769068275185,0.94212680691,0.65581581926,0.753354652547,0.0928808937601,0.749243750989,0.925065686282,0.595098708563
"Harper, Gregg",ms,Republican,0.38,1.117031097,0.0,0.611164727866,0.0604960691225,0.600147315921,0.734624227211,0.506558971167,0.62341404306,0.0629891197634,0.620854473799,0.75995074168,0.515041625108,0.614977591608,0.0885877478159,0.614071083523,0.79332334562,0.465937156107
"Kind, Ron",wi,Democratic,-0.269,0.54470104,0.0,0.475547546319,0.0602141219528,0.474361685767,0.604958173927,0.369876049683,0.408640167258,0.0663952816536,0.402031078504,0.539173094191,0.296650871379,0.423523258065,0.068991034752,0.425391661059,0.563036308823,0.29560570465
"Smith, Lamar",tx,Republican,0.423,2.789425611,0.0,0.626256171606,0.0661388715611,0.617875798291,0.762273461432,0.51911818749,0.753666409312,0.0772849667145,0.749179914945,0.909385220598,0.62629837061,0.719544085487,0.100213240939,0.719271200441,0.924276288521,0.553426314318
"Brooks, Susan W.",in,Republican,0.37,1.153042436,0.0,0.514847719028,0.0593432769168,0.513802667118,0.629935430018,0.403090645379,0.585923272312,0.0627265949113,0.57905324058,0.712995874475,0.478407603003,0.511472691218,0.0750932402763,0.509164205777,0.644386174909,0.374508032811
"Smith, Adrian",ne,Republican,0.506,0.467999071,0.0,0.57605087779,0.0588613824072,0.569998074276,0.693198757152,0.471525702238,0.704011977436,0.0681524145613,0.692307123874,0.840072088479,0.584780200045,0.681714661171,0.0892443746151,0.686731359306,0.835503713686,0.522285291627
"Pingree, Chellie",me,Democratic,-0.429,0.814145982,0.0,0.399761540921,0.064275920779,0.395497994338,0.533626337915,0.287664622361,0.297156968685,0.0660763192282,0.291451370272,0.439864236876,0.190708675937,0.282804379482,0.064985303279,0.282685152593,0.398493288654,0.15919039292
"Wilson, Frederica S.",fl,Democratic,-0.481,0.298462778,0.0,0.494431419775,0.0611972724381,0.493531267007,0.616570721944,0.387451548313,0.378620649367,0.0597721673197,0.37424441103,0.500915813539,0.272869279911,0.335920340137,0.0695047593045,0.332890262942,0.488093802016,0.216355709272
"Johnson, Henry C.",ga,Democratic,-0.476,0.747671664,0.0,0.255850427253,0.0682322259229,0.256081639277,0.383389930407,0.13187090897,0.239494446287,0.0660733834365,0.238851238144,0.369250998032,0.117720050052,0.213703432663,0.0723776062665,0.215808837725,0.347122439071,0.0827253542492
"Carter, John R.",tx,Republican,0.466,1.26077795,0.0,0.654735545168,0.0632588909892,0.647002641204,0.777430509558,0.548679428607,0.663090314841,0.0672191718059,0.654348991715,0.799151055314,0.546507582335,0.644930936059,0.0824157341463,0.649186987338,0.800392304219,0.503554732153
"Bera, Ami",ca,Democratic,-0.221,0.076157592,0.0,0.425806924115,0.0629092660276,0.418543849792,0.579377462103,0.326626004909,0.376800660325,0.0644302874012,0.368640057642,0.527307870891,0.270242945702,0.381270029824,0.0707386489336,0.378142659674,0.521924921595,0.23769588329
"Gowdy, Trey",sc,Republican,0.672,1.40032053,0.0,0.729025853118,0.0692293362931,0.720520624996,0.874511442911,0.599768470544,0.873823565845,0.0797244643846,0.856449397268,1.0,0.743982565421,0.863898393708,0.1066127116,0.856763741741,1.0,0.69119450499
"Sanford, Mark",sc,Republican,0.642,0.391841471,0.0,0.546051741691,0.0648447886826,0.53935823566,0.6841806881,0.439444154237,0.639823354128,0.06927485115,0.633000473512,0.777800312434,0.528854995489,0.62272473622,0.0863826915622,0.617035901183,0.781146956993,0.48190123183
"Wenstrup, Brad R.",oh,Republican,0.58,0.118065156,0.0,0.686093712358,0.0606703428237,0.675252915562,0.815219233756,0.589297902802,0.744996693829,0.0672261876814,0.736051870862,0.894702682947,0.642076832369,0.717821980751,0.0930534357817,0.716683866451,0.883157975647,0.569695786834
"Davis, Susan A.",ca,Democratic,-0.348,0.322908193,0.0,0.28980865818,0.0683621110321,0.290400221822,0.427301530147,0.165464503829,0.20916337256,0.0811330301529,0.210740184458,0.360272383057,0.057115866912,0.184339444715,0.0823623687175,0.186911819132,0.350617118418,0.0303507772592
"Gibbs, Bob",oh,Republican,0.446,0.59231019,0.0,0.597089637991,0.0638872152986,0.592422206626,0.745679073241,0.493210711147,0.769197439872,0.0710753775062,0.761816926308,0.909857684934,0.647791080136,0.719016377651,0.0949150401793,0.719784362771,0.897341101143,0.559591953474
"Speier, Jackie",ca,Democratic,-0.389,0.68124032,0.0,0.312856098294,0.0668249621234,0.313536109171,0.461171927967,0.187605787273,0.330513898246,0.0654504799996,0.328865783924,0.458784156,0.214620139808,0.280236750626,0.0671945301679,0.281248211592,0.404776485767,0.146518848582
"Duncan, John J., Jr.",tn,Republican,0.599,0.340598673,0.0,0.668601958675,0.0605523132194,0.659081942447,0.792882286452,0.57979668691,0.488103578843,0.0767357193102,0.48563837592,0.653209738203,0.348355525842,0.477679419136,0.0787924840212,0.474544622372,0.633158939111,0.325898532461
"Hensarling, Jeb",tx,Republican,0.706,0.0,0.0,0.62271690252,0.0455386310784,0.616979105699,0.714868156858,0.547460535812,0.949458608553,0.0497298707586,0.949665836532,1.0,0.853402909003,0.896228866202,0.0963446971113,0.91757568121,1.0,0.733185218273
"Scott, Robert C. "Bobby"",va,Democratic,-0.457,0.985886693,0.0,0.308109288833,0.062396805868,0.309086120385,0.43622263761,0.196667023313,0.311884096828,0.0657966155808,0.310720614158,0.436026121304,0.175905531836,0.272477341123,0.0704933487249,0.273373579313,0.406433333698,0.135811535349
"Wagner, Ann",mo,Republican,0.447,1.675752759,0.0,0.728023048373,0.071702154443,0.717755084742,0.889064782657,0.619504808782,0.759369515787,0.0786922199961,0.745041735777,0.949250097812,0.643363712057,0.732646538766,0.0964233630744,0.734775855074,0.905628929755,0.564324964422
"Roskam, Peter J.",il,Republican,0.438,1.718815446,0.0,0.705577884093,0.0669735816033,0.694101670656,0.838165637495,0.597343225472,0.747874240394,0.0691225485885,0.735535798753,0.880762269785,0.646437039477,0.737785824172,0.0934369742723,0.741740191905,0.891325252472,0.587017998454
"Blumenauer, Earl",or,Democratic,-0.43,3.330415487,0.0,0.39887945626,0.0640602270577,0.392702386618,0.524140707344,0.282865244101,0.219213750515,0.0695675960951,0.215988035284,0.367441355237,0.100301926531,0.257485899839,0.0738773311731,0.256252208515,0.376674370644,0.119369422425
"Nunes, Devin",ca,Republican,0.449,0.955423653,0.0,0.564066139801,0.0570574130916,0.561157962391,0.670691160593,0.461569122791,0.526237183447,0.0891169511894,0.516618222548,0.715054505531,0.375566958448,0.529424213303,0.103215785747,0.522030801673,0.736493669459,0.352101539305
"Cleaver, Emanuel",mo,Democratic,-0.458,0.282718897,0.0,0.501203261509,0.0622401324624,0.494607209785,0.621825358659,0.39799514462,0.506644717738,0.0699748618777,0.508408129695,0.641087215815,0.380119915372,0.490576543075,0.0852789047685,0.485130021831,0.653595242442,0.331600783546
"McCaul, Michael T.",tx,Republican,0.443,1.555682063,0.0,0.585947574012,0.0703305186182,0.581751155614,0.725706655442,0.463314148674,0.692836277809,0.0685745083916,0.682728536813,0.83809397302,0.583904387949,0.636456160429,0.0848197001649,0.635450564341,0.798217398602,0.487850387655
"Cramer, Kevin",nd,Republican,0.375,1.182568431,0.0,0.629195687989,0.0595957106493,0.618378081864,0.755655406934,0.533546999817,0.74179364827,0.0680197445738,0.72970139964,0.892434130937,0.635596342042,0.718883137287,0.0921803623721,0.732093332635,0.882023967043,0.54912142797
"Thompson, Bennie G.",ms,Democratic,-0.519,1.045977116,0.0,0.543373117083,0.0759523009388,0.53225047419,0.686352725658,0.421607687299,0.701175984196,0.0909817721726,0.698042333847,0.873030231436,0.509671774993,0.46747198075,0.0716206296124,0.463444972547,0.608360817646,0.340754310288
"Kelly, Mike",pa,Republican,0.319,0.784184337,0.0,0.619817612423,0.0642782386698,0.613256703023,0.757997465208,0.513227118944,0.804027326624,0.0743570472966,0.791029204002,0.972042868355,0.691736131379,0.793879883001,0.102666130531,0.792548918223,0.97149472568,0.637329708519
"Wasserman Schultz, Debbie",fl,Democratic,-0.44,1.396355629,0.0,0.256242775314,0.0706933162116,0.249849642841,0.401844991015,0.145127580592,0.268484135312,0.0738979777435,0.269206360319,0.414213198403,0.152058602178,0.23574580034,0.0703425475509,0.236744894557,0.373055200528,0.109115458746
"Adams, Alma S.",nc,Democratic,-0.47,0.0,0.0,0.329442626891,0.0689119080556,0.331543970926,0.46470696875,0.201935612046,0.309818536666,0.0747780864987,0.312496789789,0.443926865473,0.165119858585,0.274306392727,0.0728437937946,0.275908332051,0.415665272109,0.137302775072
"Quigley, Mike",il,Democratic,-0.319,0.322320849,0.0,0.188319147142,0.0667621803816,0.183654901595,0.328526120774,0.0810816222076,0.353759013159,0.0603248683553,0.355409828888,0.471853558944,0.237203296547,0.277047158925,0.0648788395315,0.281553688797,0.392568558869,0.152497780854
"Cardenas, Tony",ca,Democratic,-0.373,0.261982143,0.0,0.43347333618,0.0629813053448,0.432641154997,0.569072400128,0.318373470016,0.283345472189,0.0693764922743,0.277525353388,0.428817470442,0.166254762627,0.296223500597,0.0668968126721,0.297877363847,0.421391795232,0.161281120047
"Black, Diane",tn,Republican,0.589,2.404110909,0.0,0.586593767076,0.0605660455283,0.5797121837,0.708411968908,0.486071690287,0.802312723938,0.0796452680131,0.782708005438,0.975606347365,0.680299483885,0.799675053875,0.113255975302,0.778799824104,1.0,0.632557415881
"Hastings, Alcee L.",fl,Democratic,-0.567,0.198009744,0.0,0.130428147904,0.0837617362128,0.135480897303,0.312595693613,0.0,0.362040248477,0.0593357431947,0.351126882799,0.488642488528,0.26659488647,0.286930530136,0.0660631816978,0.286789525346,0.409733029971,0.158237759184
"Lipinski, Daniel",il,Democratic,-0.241,0.652896285,0.0,0.46964051453,0.0601114688748,0.464003724312,0.597945811918,0.355634489604,0.542567026004,0.0593110175907,0.541159915435,0.674664280551,0.444310096451,0.456607993782,0.0695334449128,0.457907399558,0.574694240869,0.323919948262
"Calvert, Ken",ca,Republican,0.345,1.881499171,0.0,0.590036746424,0.0590271267032,0.582537075162,0.729313446306,0.49669316482,0.60735792229,0.0587349093986,0.599655860652,0.745453867632,0.511869698776,0.617641829642,0.0802706115251,0.617192886238,0.753392161086,0.479089602362
"Peters, Scott H.",ca,Democratic,-0.178,0.793861866,0.0,0.31704663891,0.0720006244898,0.312990854521,0.466071301955,0.193126168489,0.382413106306,0.0718739664633,0.376354479968,0.535969166913,0.26509989081,0.342225295215,0.101330443162,0.332109684185,0.549882534582,0.149228967954
"Matsui, Doris O.",ca,Democratic,-0.444,0.274167329,0.0,0.432090568897,0.0680410245988,0.426077415052,0.58206546707,0.312647337179,0.278493216002,0.0823482867308,0.276718287231,0.481464565245,0.136258073165,0.289902463331,0.0722507766132,0.288908277341,0.437463754866,0.150752238605
"Reichert, David G.",wa,Republican,0.214,2.992509604,1.0,0.473728131195,0.0663458645697,0.473316724838,0.612664581786,0.349868898909,0.424416556635,0.0807521457725,0.412593460304,0.599018393685,0.276942577499,0.354425714386,0.0821735515986,0.341562603151,0.535922402184,0.220730915351
"McNerney, Jerry",ca,Democratic,-0.258,0.368602753,0.0,0.350788257137,0.0675792845891,0.341245135778,0.479536540292,0.237227168514,0.344336616271,0.0729796345411,0.331990588635,0.505167605356,0.224243784593,0.318950753937,0.0795489559629,0.325211773152,0.487643191546,0.16636474053
"DeLauro, Rosa L.",ct,Democratic,-0.421,0.563566208,0.0,0.134546094708,0.0693743308114,0.130947538643,0.281482479841,0.0221127613536,0.0833327115571,0.0726182832229,0.0737301182618,0.223228419059,0.0,0.0307891677921,0.0469474456318,0.0,0.156258539177,0.0
"Smith, Jason",mo,Republican,0.614,0.549465597,0.0,0.722273227567,0.0710955961817,0.711687773203,0.870532877805,0.602617273794,0.78304356385,0.0728101558268,0.767141430349,0.937374681615,0.670932231499,0.778604403432,0.100097078496,0.770721982372,0.954362711983,0.632898385592
"Pocan, Mark",wi,Democratic,-0.572,0.198009744,0.0,0.020532606102,0.0415994855832,0.0,0.132209865852,0.0,0.0731353283254,0.0477720896479,0.0628991489824,0.177634408912,0.00529571122025,0.00894526343529,0.0269865119219,0.0,0.113629769224,0.0
"Graves, Sam",mo,Republican,0.429,0.936499536,0.0,0.572875339261,0.0642102777059,0.569906215719,0.699694655245,0.462523658539,0.810025456109,0.0783501281583,0.799766910837,0.974230302784,0.687616813409,0.775658366687,0.0965292210951,0.775715213144,0.944146357988,0.62226988075
"Conaway, K. Michael",tx,Republican,0.591,0.246163264,0.0,0.576997444942,0.0628537488608,0.571717724821,0.710168396645,0.463208389784,0.820448853986,0.0735618544184,0.801075142304,0.96397567163,0.703022013301,0.784448881711,0.098945121211,0.770601259728,0.987160475161,0.642565985622
"Bucshon, Larry",in,Republican,0.393,1.672981977,0.0,0.571977516381,0.0569983982113,0.567874828753,0.683481647092,0.473912528524,0.713887224063,0.0622213620483,0.701726191091,0.837779643257,0.622002160456,0.708769861449,0.0940116186627,0.729021834592,0.86135212198,0.547441935198
"Cohen, Steve",tn,Democratic,-0.401,0.533103168,0.0,0.288847843569,0.0691406444553,0.280244970955,0.43230332019,0.1768071246,0.476863522252,0.0690066906916,0.474315629721,0.61251773164,0.352793560992,0.411341226157,0.0682734896486,0.410654021621,0.5416965718,0.274165608728
"Webster, Daniel",fl,Republican,0.464,0.045694556,1.0,0.633105954499,0.0643620771663,0.623304923809,0.768273907023,0.529606130236,0.761378993924,0.0691979221848,0.745821328294,0.899709190277,0.655098808319,0.732588277823,0.094345645611,0.728382357226,0.914757942699,0.579568647812
"Sarbanes, John P.",md,Democratic,-0.461,0.106620632,0.0,0.46872647887,0.0569875709988,0.469100874449,0.59799188576,0.375111172423,0.170251525838,0.0849696265954,0.169135462184,0.333825126531,0.00719797252874,0.141517937686,0.0735194348369,0.148504036986,0.279326825048,0.0
"Carson, Andre",in,Democratic,-0.443,0.201056048,0.0,0.413397150895,0.0649484769759,0.410823555691,0.544479616291,0.304588941151,0.357182655886,0.0626190947705,0.355386824959,0.483721719083,0.244329035094,0.3111529845,0.0683602037454,0.314875668905,0.447224776899,0.170556852621
"Sires, Albio",nj,Democratic,-0.406,0.167546704,0.0,0.408419777534,0.049065207661,0.401363745447,0.515892270119,0.327933237992,0.0462625760403,0.0578813809907,0.0193157214143,0.20309084813,0.0,0.0481803467678,0.0554252744087,0.0227773645966,0.169035141283,0.0
"Aderholt, Robert B.",al,Republican,0.358,0.908495426,0.0,0.472986308988,0.0591742287752,0.468219939482,0.599146038166,0.369892962732,0.650938698709,0.0758743314838,0.636576408281,0.824877845538,0.524575378132,0.603816226448,0.0959715447926,0.595822021145,0.817594170922,0.437717914569
"Labrador, Raul R.",id,Republican,0.729,1.074603796,0.0,0.580980151883,0.056366899775,0.57279357782,0.70335394402,0.49405946523,0.683044082262,0.0638422966921,0.672599151505,0.834312170746,0.585820275692,0.626701029704,0.0818484850179,0.629994642423,0.761555390612,0.481896247499
"Foster, Bill",il,Democratic,-0.219,0.213241264,0.0,0.380590795047,0.0648626873259,0.383231074098,0.517190960655,0.272198019609,0.326898947637,0.0699448107104,0.32925350193,0.468708914896,0.192502721589,0.304291025172,0.0676505572492,0.30557987522,0.421830525007,0.17395057132
"Lynch, Stephen F.",ma,Democratic,-0.352,0.820782959,0.0,0.477097443718,0.0643460216733,0.471782286042,0.613116021072,0.361886002432,0.500953564198,0.0644916124548,0.495811734537,0.629548138079,0.38788186493,0.473868521678,0.0710182080412,0.47782673937,0.60702076822,0.3427476973
"Sensenbrenner, F. James, Jr.",wi,Republican,0.646,2.068677902,0.0,0.546678455047,0.0627271020612,0.546649367899,0.662880981734,0.435594369717,0.595539922734,0.0645382826362,0.589964541798,0.7231335505,0.469316969833,0.598081269339,0.0834634590657,0.595472110127,0.736497783541,0.453120128916
"Fleischmann, Charles J. "Chuck"",tn,Republican,0.489,0.060926076,0.0,0.522679703961,0.0621573097379,0.520793570706,0.656318646829,0.419437445016,0.726908447253,0.077884608223,0.722616004217,0.880543644323,0.598276725056,0.694777991825,0.0937629844191,0.68668131536,0.874221236777,0.54582735425
"Luetkemeyer, Blaine",mo,Republican,0.445,2.344299793,0.0,0.667009281172,0.0659612698663,0.659735023638,0.805103797538,0.558018212644,0.741933346454,0.0676904563156,0.725920854206,0.880994393999,0.645393840798,0.717207010487,0.0906948720428,0.705382250102,0.884159250452,0.584903227815
"Shuster, Bill",pa,Republican,0.377,3.828664541,0.0,0.552917624229,0.0602815509694,0.542654824561,0.683601839831,0.447059045365,0.710357501098,0.0694979296408,0.693077011383,0.850495671283,0.604649216422,0.570836363972,0.0807857955838,0.580411307849,0.704568406292,0.432302855941
"Lamborn, Doug",co,Republican,0.692,1.897396445,0.0,0.742737062561,0.0702989171093,0.728313341087,0.880522386883,0.631305289901,0.873065539228,0.0718421772951,0.853502692748,1.0,0.75484944493,0.871411885233,0.103182458145,0.880682792271,1.0,0.69476234922
"Vela, Filemon",tx,Democratic,-0.316,0.045694556,0.0,0.523882930614,0.0604177063422,0.524134564194,0.663061752853,0.419890842716,0.401841708768,0.0641165845946,0.400076025985,0.534849106497,0.293421985868,0.350907679258,0.0710638038571,0.350462023781,0.487287124569,0.223856729211
"McGovern, James P.",ma,Democratic,-0.534,0.094435416,0.0,0.102492596645,0.0834422408528,0.0910831581402,0.289870859696,0.0,0.105892346051,0.0693347123673,0.100335257217,0.255147476705,0.0,0.0633769473088,0.0656333043281,0.044770678492,0.211546952365,0.0
"Yoho, Ted S.",fl,Republican,0.698,0.699867845,0.0,0.693036581688,0.0651632670125,0.677157066396,0.841029346491,0.588462925255,0.837174848558,0.0710443557985,0.811038289886,1.0,0.741817635603,0.819718028175,0.101805977025,0.818238881224,1.0,0.66702582134
"Kaptur, Marcy",oh,Democratic,-0.351,0.407464027,0.0,0.271190871512,0.0661881394298,0.268718568075,0.400036233405,0.156045468275,0.193625011457,0.0715922216781,0.196061662711,0.335523012035,0.0747232365447,0.124753655907,0.0652555344255,0.12844051077,0.246659626133,0.0
"Messer, Luke",in,Republican,0.555,0.726543844,0.0,0.499408556808,0.0629367296307,0.492981344847,0.649717033875,0.394451389361,0.60008680339,0.0620817196854,0.593867442216,0.74050213534,0.499245206599,0.581012059434,0.0777586150988,0.576496233238,0.721679379619,0.448605651764
"Long, Billy",mo,Republican,0.578,0.407072991,0.0,0.610443958751,0.0623331157046,0.606637688237,0.739979014198,0.506859927181,0.85186908969,0.0733860831468,0.831418326972,1.0,0.742215953136,0.76152910331,0.0950740311242,0.749513258015,0.931031606043,0.620213583455
"Brownley, Julia",ca,Democratic,-0.275,0.346537948,0.0,0.302504723041,0.0667833929607,0.296434837618,0.44491891908,0.186711730326,0.296056434458,0.0670839647784,0.290339303278,0.454391741273,0.187275858667,0.242741197529,0.0723523225459,0.243368545719,0.37388179395,0.108560460199
"Paulsen, Erik",mn,Republican,0.404,1.386417031,1.0,0.535724306416,0.0624850300651,0.528543148882,0.661877271239,0.428683131405,0.569747770102,0.064837758676,0.567239471262,0.703773775363,0.463188651388,0.538775647449,0.0760606763077,0.539493447406,0.684415770685,0.386584465093
"Payne, Donald M., Jr.",nj,Democratic,-0.504,0.680407941,0.0,0.142454455885,0.0781106963547,0.147885192817,0.292115442387,0.0,0.211382748315,0.0794142203347,0.206135131848,0.362404930323,0.0728475655839,0.14424449326,0.0735627335397,0.142748274988,0.28633034049,0.00356767464108
"Perlmutter, Ed",co,Democratic,-0.303,0.837358475,0.0,0.471207747104,0.0638534349015,0.464822186281,0.62175598644,0.361204604118,0.257582604481,0.0670345414469,0.254373278478,0.409831411993,0.14065396806,0.222170050159,0.064735226549,0.222495989877,0.343334599521,0.0904527394864
"Rogers, Harold",ky,Republican,0.332,5.99363327,0.0,0.605634189673,0.0668373129862,0.600135927817,0.762674686495,0.495144796479,0.552341445429,0.0619967193827,0.546573984299,0.687851808971,0.448509805031,0.551379474793,0.0764632534221,0.554069036532,0.69134910835,0.41425585518
"Sewell, Terri A.",al,Democratic,-0.407,0.191842124,0.0,0.31049311073,0.0679133495403,0.301165424588,0.462041423564,0.202842722073,0.271472734278,0.06974016844,0.261312120248,0.418351990507,0.160681910226,0.225625479722,0.0703505066362,0.224845132802,0.353706078929,0.0952883074026
"Clawson, Curt",fl,Republican,0.626,0.230931744,0.0,0.553193661912,0.0577099705596,0.549729086228,0.677861139134,0.461661226462,0.395482726124,0.0909956558321,0.386949812496,0.600113418872,0.267486611605,0.522176750414,0.0734939730769,0.520186150085,0.658486314014,0.401446944871
"Coffman, Mike",co,Republican,0.496,4.367919445,1.0,0.540525458756,0.0687810222029,0.532337935844,0.679019785155,0.428013796833,0.591679115743,0.0730280337428,0.586726567571,0.727935672262,0.470575375255,0.552322294412,0.0783457577324,0.547603354236,0.718386715629,0.422627136627
"DeFazio, Peter A.",or,Democratic,-0.429,0.947833657,0.0,0.483805396011,0.0641483903418,0.482863296028,0.609809413889,0.360279473816,0.350748801927,0.0666311772882,0.346686733437,0.489481349122,0.220145118791,0.384742994535,0.0808636653325,0.38312379348,0.540407900592,0.228994821379
"Johnson, Bill",oh,Republican,0.435,3.030955076,0.0,0.635721374426,0.0557190135015,0.62711949753,0.751557717149,0.550507940693,0.767635783153,0.0658339776696,0.755077921635,0.897824833701,0.678151593519,0.727436098535,0.0886527360471,0.716155444151,0.886579278442,0.586098212303
"Bridenstine, Jim",ok,Republican,0.695,0.407072991,0.0,0.604431421615,0.0564108251965,0.602467982987,0.720666993537,0.505433583408,0.897420755181,0.0684135809522,0.883922631531,1.0,0.788173826175,0.858656908896,0.0965256813675,0.851902623335,1.0,0.712394176972
"Pittenger, Robert",nc,Republican,0.558,1.456344724,0.0,0.648088330687,0.0640630746552,0.643262007938,0.776526586168,0.551689010496,0.633641913585,0.0790518414587,0.624229771084,0.784060976384,0.501020689411,0.623618742212,0.0986180206771,0.615248187041,0.831951764625,0.457945052849
"Tsongas, Niki",ma,Democratic,-0.409,0.513693631,0.0,0.420591323084,0.0629714808121,0.414436669671,0.548693614091,0.316214443448,0.408927518131,0.0644767527043,0.403847179325,0.552114511661,0.294373065663,0.390812815135,0.0668156712527,0.391196117148,0.531527295618,0.267471400334
"Ross, Dennis A.",fl,Republican,0.539,0.690104723,0.0,0.533629189681,0.0620977553202,0.52806674817,0.685203382474,0.428477794858,0.757630583659,0.0684705330144,0.735807163834,0.926558000648,0.657705035094,0.725949395943,0.0877894051622,0.72226489309,0.882044338298,0.593571008099
"Sherman, Brad",ca,Democratic,-0.346,0.045694556,0.0,0.594974273276,0.0648114339435,0.587136278455,0.738930079775,0.488764931236,0.459496854741,0.0683262828983,0.452652203726,0.618488434691,0.345932393977,0.466059279375,0.0799617192776,0.470015027046,0.609724387356,0.336095876304
"Brat, Dave",va,Republican,0.828,0.0,0.0,0.55677586393,0.0640032554676,0.559068968631,0.682783332604,0.446805085523,0.781769863589,0.0681523411961,0.767975251175,0.920870838244,0.680812158175,0.739341632243,0.0955093463174,0.744223267922,0.904923605091,0.585150145336
"Titus, Dina",nv,Democratic,-0.296,1.178961754,0.0,0.250049210484,0.0633807389038,0.246984528923,0.38834140187,0.139326404854,0.404188622293,0.0598750478781,0.395594286504,0.542213600732,0.306001934268,0.292404762379,0.0654745743198,0.29272514019,0.417846133571,0.175459519942
"Delaney, John K.",md,Democratic,-0.276,0.483230591,0.0,0.512308077092,0.0628470028798,0.511451384691,0.653458467724,0.395818519371,0.411078758085,0.0635940095444,0.408551041493,0.54470988827,0.303874086406,0.381492745351,0.0708678168971,0.378538672067,0.521979837479,0.260244889861
"Jenkins, Lynn",ks,Republican,0.522,2.353831291,0.0,0.518856376295,0.056436625766,0.511061407638,0.636775647839,0.427965033394,0.650025601826,0.0611294048326,0.642336762353,0.794260058361,0.546480176454,0.616550597573,0.0854992853471,0.6106232902,0.760915612099,0.478087152092
"Bilirakis, Gus M.",fl,Republican,0.392,1.376384139,0.0,0.593308909608,0.0631870978776,0.588942353787,0.722810158762,0.487470652168,0.564154263877,0.0605570172926,0.559257715465,0.695009602278,0.470452313752,0.531716157183,0.0716289966688,0.530917910691,0.669025882928,0.399072683085
"Meng, Grace",ny,Democratic,-0.386,1.693412066,0.0,0.44138431642,0.0619622155334,0.437409537954,0.595359711213,0.338277701781,0.276275477525,0.0725068304149,0.269846306545,0.425848088033,0.152023976423,0.256137632267,0.071539722611,0.261696653425,0.390190316995,0.111530579384
"Tiberi, Patrick J.",oh,Republican,0.386,2.083742857,0.0,0.582895730182,0.0637888265831,0.576950078183,0.706888568548,0.474564713967,0.669280363509,0.0671628033091,0.657127734175,0.824190371671,0.56838227121,0.61085458898,0.0809670000799,0.598085687067,0.77104892156,0.484317484924
"Tonko, Paul",ny,Democratic,-0.423,0.201056048,0.0,0.0163614058512,0.0346859748868,0.0,0.124941405286,0.0,0.240196592879,0.0474190409782,0.236253060465,0.354008391049,0.15198904975,0.0741571503207,0.0698537305202,0.0689770118259,0.2178929219,0.0
"Foxx, Virginia",nc,Republican,0.65,3.861476183,0.0,0.653308487255,0.077502358765,0.640252803024,0.812255496738,0.526043923246,0.583542271795,0.0636058624248,0.572951357792,0.715824490687,0.481540198334,0.55845889366,0.0784835176767,0.559211300212,0.71095361874,0.420786743698
"Scalise, Steve",la,Republican,0.559,0.814145982,0.0,0.846504245963,0.0746263947461,0.832965253472,1.0,0.721290975264,0.836957444482,0.0747097536569,0.828071800672,0.999791327044,0.701126356974,0.854801410716,0.11090366069,0.864443760917,1.0,0.642971679383
"Butterfield, G. K.",nc,Democratic,-0.421,1.012467861,0.0,0.330383355783,0.0655472309054,0.336569268219,0.459561069535,0.208788513074,0.348347525594,0.0687838619746,0.346940355825,0.497643321882,0.225648961047,0.282726759851,0.0695969326786,0.281173621317,0.438451699084,0.155769862645
"Marino, Tom",pa,Republican,0.357,1.095970869,0.0,0.584847379349,0.0603764592089,0.57419093872,0.711322160577,0.478929425117,0.808296527448,0.0727995800432,0.785989022126,0.96548107372,0.702917245337,0.791466294546,0.102090874291,0.789883360394,0.984036801209,0.615094050213
"Turner, Michael R.",oh,Republican,0.266,0.520330608,0.0,0.50018249952,0.0656449028666,0.489348120116,0.643016879047,0.387799188374,0.660804276376,0.0747024831653,0.649495544047,0.815502811235,0.531463866557,0.65377875343,0.0863648844913,0.65389605986,0.810515710592,0.516137551575
"Larsen, Rick",wa,Democratic,-0.372,0.270380348,0.0,0.500834922568,0.0702405725513,0.491744325558,0.635798039805,0.374670082985,0.439942929971,0.0755159918077,0.434304649566,0.590972783401,0.305175380814,0.436639544849,0.093410351437,0.438856768414,0.620499290024,0.245220259793
"Weber, Randy K., Sr.",tx,Republican,0.714,0.076157592,0.0,0.752017148389,0.0614444583408,0.744584483622,0.873504679781,0.650480468543,0.866889470484,0.0672031908864,0.847281957424,1.0,0.771619616614,0.829799716188,0.101726135439,0.822566764435,1.0,0.682108960746
"Upton, Fred",mi,Republican,0.337,3.304659605,0.0,0.538793684818,0.0589319872952,0.533140624225,0.653106616776,0.439296006645,0.681310833801,0.0647218436887,0.673863786812,0.82180849631,0.574996149248,0.662279068514,0.0869551602707,0.668193043437,0.809020854543,0.498317012359
"Royce, Edward R.",ca,Republican,0.666,6.752827168,0.0,0.54280909962,0.062414692913,0.538675301115,0.674708182159,0.431805989206,0.553532757315,0.0638843178081,0.549734443584,0.690218825352,0.447194645368,0.484848342469,0.069390338953,0.483171297127,0.610861744154,0.364223157761
"Keating, William R.",ma,Democratic,-0.335,0.045694556,0.0,0.507299874637,0.0634712067732,0.509153375024,0.630322630329,0.39865909458,0.285801323699,0.071681427212,0.284501520872,0.423277169463,0.168713659836,0.265291649866,0.0674373078411,0.266799186408,0.388955421621,0.144169002352
"LaMalfa, Doug",ca,Republican,0.563,0.422304511,0.0,0.527295081117,0.0647773714911,0.52046987424,0.666699449084,0.415471985165,0.704128435603,0.065045892089,0.685873256727,0.853592385729,0.602211897658,0.664945683354,0.0895765307501,0.667518424479,0.818661885601,0.521719882389
"Joyce, David P.",oh,Republican,0.26,0.304239362,0.0,0.465961178796,0.0621976366644,0.464474711208,0.575398473115,0.3496579817,0.450139628978,0.0682473205934,0.449202658314,0.562059058601,0.31377827702,0.428677955661,0.0867450478714,0.427815976667,0.609405371408,0.264568413253
"Yoder, Kevin",ks,Republican,0.572,0.291857809,0.0,0.666580701765,0.0663646068723,0.65518968464,0.796849439093,0.565360687605,0.749031877469,0.0685846942933,0.732579663574,0.88832395627,0.645777524377,0.74637977843,0.095965637999,0.739584519985,0.929474505098,0.587369367569
"Jones, Walter B., Jr.",nc,Republican,0.243,1.017311335,0.0,0.71769905042,0.0678229489407,0.710560526692,0.866986561279,0.6045518279,0.601206137085,0.0640179255983,0.59592484326,0.733517189429,0.486530393632,0.577197679756,0.0844622560339,0.573766190654,0.745333769661,0.432412876333
"Bishop, Rob",ut,Republican,0.529,3.147586107,0.0,0.662177506543,0.0668606282852,0.653864605975,0.804650667702,0.554641713242,0.767113337004,0.0758933887081,0.758032823932,0.948794806852,0.632784615809,0.785229610515,0.105590332816,0.786293392051,0.982259841206,0.607810209209
"Rice, Tom",sc,Republican,0.584,0.431400448,0.0,0.687513259717,0.0504924983806,0.680443903447,0.830991031565,0.61084291441,0.943770791739,0.101264785351,1.0,1.0,0.692549880404,0.964770402337,0.0850440366542,1.0,1.0,0.70477316919
"Crawford, Eric A. "Rick"",ar,Republican,0.355,1.144711733,0.0,0.51777755085,0.060360620067,0.515495023633,0.639299935628,0.416509343282,0.59014005798,0.0657331825687,0.586154777337,0.72210161762,0.483182664207,0.54624105482,0.082801680477,0.544548150502,0.710494390373,0.389234672471
"Huffman, Jared",ca,Democratic,-0.433,0.890303552,0.0,0.488995517605,0.0696504240332,0.487263957362,0.633099695122,0.35902066211,0.266519733937,0.065054208197,0.262531051162,0.400165016658,0.154799091726,0.27272517911,0.0706169682719,0.271909778026,0.422836962398,0.151230009359
"Collins, Doug",ga,Republican,0.663,0.74462539,0.0,0.687531007262,0.0677791376103,0.670261324777,0.829990397919,0.588755474087,0.764403396952,0.0731522405871,0.755028751319,0.930213105713,0.647825780123,0.734624804113,0.0967350127675,0.733203758803,0.927370184736,0.586450718273
"DesJarlais, Scott",tn,Republican,0.593,0.060926076,0.0,0.592556113318,0.046269151396,0.588111305603,0.682926128823,0.511799463004,0.936832779954,0.0540071697892,0.930231845887,1.0,0.845571694919,0.902782510985,0.0933040659648,0.917043432595,1.0,0.736988330722
"Farenthold, Blake",tx,Republican,0.543,1.562965393,0.0,0.593782396005,0.0612381015897,0.588509303602,0.715032127987,0.483833245357,0.679647377816,0.0634972065747,0.669757485349,0.805527278908,0.570297235778,0.644895516844,0.0823747195117,0.6437190783,0.792418755931,0.511729085094
"Jeffries, Hakeem S.",ny,Democratic,-0.491,1.392959714,0.0,0.138758984115,0.0612257844648,0.146079047287,0.253316698572,0.0368483482376,0.109961706028,0.0714926333615,0.104257323891,0.257292136772,0.0,0.096216042513,0.0708888632439,0.0904345126352,0.236920374543,0.0
"Valadao, David G.",ca,Republican,0.251,0.578015685,1.0,0.514785256486,0.0606252182323,0.508843761171,0.646394686913,0.410679384129,0.629460906592,0.07883850777,0.622870090446,0.783608345755,0.476111840905,0.643837735926,0.0986359272878,0.646392932956,0.831245587683,0.463950439415
"Doggett, Lloyd",tx,Democratic,-0.402,0.528925121,0.0,0.381685907211,0.0636323130888,0.378874465522,0.516514767058,0.26596103512,0.250526116895,0.0710888628849,0.244406160969,0.381943612343,0.128639494234,0.231511700595,0.0685939798973,0.230499619212,0.366976289342,0.0962127861214
"Slaughter, Louise McIntosh",ny,Democratic,-0.465,1.167737603,0.0,0.197441405636,0.0793739985734,0.197181300257,0.357415695211,0.0540413940929,0.100247960679,0.0812265517986,0.096008635947,0.266601933682,0.0,0.0818999333902,0.0698372037734,0.0767622240237,0.236206856579,0.0
"Schakowsky, Janice D.",il,Democratic,-0.602,0.365556449,0.0,0.126577330435,0.0754981512368,0.1219219411,0.276702567802,0.0,0.276754163528,0.0847174545367,0.266072177805,0.484535229758,0.132675756725,0.123781571506,0.0781547465529,0.126394655389,0.269634293971,0.0
"Price, Tom",ga,Republican,0.642,1.335022569,0.0,0.637084125213,0.0495460149578,0.632690720028,0.76360869311,0.562203923277,0.950531370315,0.0965080840976,1.0,1.0,0.694222910467,0.961785021781,0.0888963550192,1.0,1.0,0.69544029718
"Williams, Roger",tx,Republican,0.609,0.242871895,0.0,0.673893097552,0.0665816790816,0.666895932488,0.810579034692,0.571750418163,0.823181089731,0.0741135645261,0.799429262913,0.969251069025,0.71652949847,0.807498397068,0.0984934931204,0.814402067321,0.988971271458,0.652423709051
"Waters, Maxine",ca,Democratic,-0.663,0.213241264,0.0,0.376657270116,0.0787496838097,0.361637021855,0.539006558187,0.246221217573,0.164537302599,0.0792203050032,0.160040665497,0.318828377786,0.0311481324151,0.126895046202,0.0700341202418,0.124886912282,0.262454753316,0.0
"Buchanan, Vern",fl,Republican,0.355,0.106620632,0.0,0.542136570404,0.0558953797618,0.534023293049,0.67202271179,0.4479903035,0.551320079267,0.0551953065656,0.541708455971,0.697767763262,0.466325125894,0.529951491349,0.0694956760837,0.527322883895,0.665913113511,0.404996945951
"Meehan, Patrick",pa,Republican,0.217,2.621768713,0.0,0.488025440372,0.0606190216458,0.48384190128,0.614546112496,0.387590455999,0.498393727258,0.0558505735455,0.485279269287,0.629800928106,0.414616769544,0.476471041071,0.0705265024619,0.478557563892,0.6278509579,0.34850082031
"DeSantis, Ron",fl,Republican,0.662,1.185557365,0.0,0.785383639495,0.0686080973085,0.768255135576,0.932889588387,0.676631752029,0.833812356985,0.0752498737167,0.823885798696,0.998273330788,0.713997121273,0.813499763685,0.105258174351,0.820346106164,1.0,0.656869422316
"Rogers, Mike D.",al,Republican,0.333,0.148528188,0.0,0.609337685774,0.0606815826315,0.603755112763,0.736390048984,0.500533805583,0.869762432567,0.0732683693623,0.858261929668,1.0,0.755914375963,0.855023807114,0.100840824885,0.874472248926,1.0,0.687689248062
"Veasey, Marc A.",tx,Democratic,-0.414,0.060926076,0.0,0.250742474387,0.0686093468018,0.24793282404,0.385538823958,0.132753033006,0.47812396502,0.058784315704,0.47331266546,0.59502826787,0.369605681654,0.455529740551,0.0679167914937,0.4570591933,0.591027073662,0.327005629107
"Loebsack, David",ia,Democratic,-0.282,0.137083665,0.0,0.483811690162,0.0585199657027,0.480263415224,0.606129992498,0.38376674791,0.297091542414,0.0673958451167,0.298356732539,0.425460855683,0.189585348017,0.27030758087,0.0701560431957,0.266700396993,0.409506705024,0.140204381379
"Larson, John B.",ct,Democratic,-0.405,0.413709968,0.0,0.525565311024,0.06141575036,0.522804027493,0.654748362022,0.417659010302,0.193743620722,0.0754317797707,0.191296328811,0.371104174033,0.0609833896587,0.169827527377,0.0766319370207,0.167550602085,0.31421995148,0.0235697678979
"DelBene, Suzan K.",wa,Democratic,-0.274,0.568484128,0.0,0.400134003633,0.0650199288229,0.389434387966,0.545173710431,0.304651432402,0.220860401627,0.0781046805832,0.209940344711,0.396061282046,0.0965512230432,0.199135395174,0.0769172609582,0.19650875371,0.34260508969,0.0611983427232
"Cummings, Elijah E.",md,Democratic,-0.439,2.198918104,0.0,0.558427870308,0.0622020209168,0.553852438415,0.697423689596,0.446083533127,0.312361992114,0.0743272923343,0.306231423817,0.453700994448,0.171874370149,0.296128283011,0.0639713805786,0.295884520968,0.410578000372,0.167426111314
"Peterson, Collin C.",mn,Democratic,-0.144,0.181945816,1.0,0.589048999788,0.0628733164065,0.578313226339,0.732624518433,0.48808843542,0.480445826967,0.0689175848171,0.477650384987,0.632263440882,0.362423360546,0.467746246282,0.0769133504558,0.468150187327,0.614831439771,0.319610498886
"Ruiz, Raul",ca,Democratic,-0.232,0.692684829,0.0,0.378997684484,0.0614345285397,0.378850779089,0.49837979343,0.267902686912,0.363066498399,0.062570701985,0.361052539214,0.486296943312,0.238224834063,0.334221180938,0.0670091042165,0.337546665681,0.461538133256,0.207377055861
"Garamendi, John",ca,Democratic,-0.313,0.060926076,0.0,0.12011767191,0.0805998892546,0.117507206684,0.270862808018,0.0,0.248859077027,0.0858515564141,0.244088390999,0.434723006439,0.075649901474,0.154959433541,0.0792825585416,0.159707641734,0.30433170023,0.0
"Barton, Joe",tx,Republican,0.529,0.076157592,0.0,0.630487279219,0.0629818305267,0.620117609689,0.757090238815,0.520418132499,0.682827523404,0.0622299798399,0.668659716904,0.809700604959,0.582864116137,0.599184552334,0.077042583372,0.597852119218,0.737905806276,0.468516611499
"Cooper, Jim",tn,Democratic,-0.162,0.106620632,0.0,0.53157111518,0.061582725249,0.520604997731,0.672379828521,0.437364684394,0.527376705378,0.060968557957,0.521805085419,0.661544573295,0.432816658174,0.500373932944,0.0725297139902,0.504258594089,0.630197138654,0.368777737948
"Meadows, Mark",nc,Republican,0.622,1.896402001,0.0,0.575881086498,0.0691809400289,0.574712914076,0.715071931948,0.450270080736,0.865000137686,0.0750073716645,0.845413879114,1.0,0.755769595875,0.787902063745,0.1011951607,0.790028672766,0.993309530118,0.604611592739
"Griffith, H. Morgan",va,Republican,0.531,0.228472784,0.0,0.649329802391,0.0611453963265,0.642066071975,0.787847041955,0.556278273629,0.801630177463,0.0704607358182,0.782955978756,0.947629708728,0.701082781065,0.748738469444,0.0934436394449,0.742356886984,0.923380026055,0.5994965469
"Bass, Karen",ca,Democratic,-0.549,0.426091492,0.0,0.376238875677,0.059299635992,0.370339408014,0.492553125716,0.260015909993,0.294608828778,0.0620189992796,0.292219272205,0.417764863499,0.187124214676,0.245608766872,0.0728003296618,0.249971801326,0.387910304985,0.113499974862
"Bonamici, Suzanne",or,Democratic,-0.397,0.84226042,0.0,0.278654290072,0.0692259942567,0.274885337853,0.412857806192,0.146355789869,0.290510492146,0.0673751949443,0.291221403339,0.440577180563,0.176439681353,0.232738187253,0.0706549563082,0.234144574115,0.365699600741,0.10365348054
"Napolitano, Grace F.",ca,Democratic,-0.448,0.163759708,0.0,0.629255672665,0.0819813261223,0.630811281751,0.792552336275,0.474356766957,0.346794982599,0.0680003131599,0.337865174955,0.484779056481,0.229429067135,0.365143349428,0.0744884586966,0.369235019977,0.514199050698,0.216563600949
"Olson, Pete",tx,Republican,0.537,0.875541389,0.0,0.645193339716,0.0609878016857,0.639572447881,0.776189967885,0.554250144484,0.865736841328,0.0708141748289,0.843067227156,1.0,0.764907443918,0.843860978607,0.102375555098,0.857083505327,1.0,0.671487097403
"Schrader, Kurt",or,Democratic,-0.199,1.882436275,0.0,0.466074873589,0.0615646559401,0.460595088594,0.598614671635,0.368545705277,0.419291999861,0.0665256217879,0.416600351086,0.554197093225,0.304415904517,0.406557213518,0.0725653259699,0.40659600538,0.555681545607,0.279254691612
"Flores, Bill",tx,Republican,0.619,1.911997795,0.0,0.576089984317,0.0430368938369,0.57760372309,0.66775081086,0.494030756128,0.995000875889,0.0140961995473,1.0,1.0,0.946205302925,0.956113382605,0.0599774666689,1.0,1.0,0.83769656051
"Cuellar, Henry",tx,Democratic,-0.238,0.391841471,0.0,0.590765914672,0.0637845074229,0.581622010606,0.750148201223,0.484433110934,0.421347073496,0.0681017286178,0.421454072752,0.567354852249,0.300703765412,0.384142233515,0.0690556980396,0.386854294215,0.511877436155,0.255149008067
"Walden, Greg",or,Republican,0.337,2.491585732,0.0,0.659458646826,0.063588293101,0.649448594892,0.791175095471,0.562949109164,0.512628334497,0.0698685671719,0.505856815423,0.661979520451,0.389132603216,0.487143868601,0.0685189045653,0.479231752575,0.614305977644,0.359586838638
"Hoyer, Steny H.",md,Democratic,-0.38,0.864034534,0.0,0.30941784912,0.0769337322909,0.305938807658,0.457103750574,0.183235670946,0.269389445913,0.0702379697717,0.269455269521,0.414396484473,0.152906058444,0.273743985227,0.0769158112584,0.273555624565,0.427518464857,0.116782884708
