Name,State,Party,DW-Nominate,Legislative Efficacy Score,Misalignment,CR_mean,CR_std,CR_median,CR_97.5,CR_2.5,PR_mean,PR_std,PR_median,PR_97.5,PR_2.5,Combine_mean,Combine_std,Combine_median,Combine_97.5,Combine_2.5, K-S score
"Rohrabacher, Dana",ca,Republican,0.629,0.106620632,0.0,0.752502869787,0.0672745563672,0.752207093141,0.905803321805,0.629430083689,0.555547138901,0.0793290545152,0.559580517905,0.724531271783,0.419353721541,0.618083054299,0.0906199496014,0.619990449061,0.778135066278,0.454600904847,0.82248884787
"Goodlatte, Bob",va,Republican,0.49,5.377011776,0.0,0.89211234301,0.0714464866838,0.898902518798,1.0,0.750875327689,0.972420717893,0.0477448767824,1.0,1.0,0.847786470819,0.959430792468,0.0622297203029,1.0,1.0,0.800159026992,0.579027735362
"Yarmuth, John",ky,Democratic,-0.383,0.076157592,0.0,0.352445902775,0.0713220926777,0.356795893137,0.476665961769,0.210425471972,0.125108270355,0.0880517825014,0.10456550964,0.354982005154,0.0,0.165982226025,0.0732330161893,0.167644435205,0.304049894537,0.0260898949346,0.825863991081
"Smith, Adam",wa,Democratic,-0.281,0.137083665,0.0,0.728380903373,0.0687159635843,0.726156184608,0.865062403727,0.612990638281,0.500385442715,0.0808118407632,0.493531961531,0.664315206693,0.366090841688,0.544195308924,0.0790097661633,0.54452211155,0.698006808637,0.388636216288,0.885949338601
"Harris, Andy",md,Republican,0.597,0.285611868,0.0,0.776575067279,0.0551837993672,0.773295814349,0.867538577583,0.639253915423,0.681573762691,0.108629575401,0.683188957826,0.889384020972,0.470433063976,0.694084547632,0.108004792037,0.681702971691,0.911233247665,0.499393668299,0.520532709747
"Costa, Jim",ca,Democratic,-0.199,0.239917308,0.0,0.403415948491,0.0711402154783,0.404814044476,0.54492326271,0.270546025087,0.45779639299,0.0926886655832,0.469606179482,0.616377309115,0.271894433253,0.4508025977,0.0886889071283,0.444051926506,0.647823900521,0.275610927596,0.351424694708
"Chu, Judy",ca,Democratic,-0.512,0.137083665,0.0,0.527217064358,0.0584887514947,0.525619616048,0.631977331083,0.420581853954,0.481010697081,0.152118367593,0.508631639814,0.704500083857,0.175800034373,0.49422578873,0.145859618566,0.514632940161,0.718001953712,0.179539694752,0.245639462242
"Kelly, Robin",il,Democratic,-0.448,0.228472784,0.0,0.0610248547069,0.0700319148101,0.0276588654783,0.207750528583,0.0,0.208423437865,0.0723825223405,0.196448030441,0.383124758278,0.0977813799223,0.188243053367,0.076971928357,0.189881572386,0.335902624184,0.0606507686986,0.716980661882
"Brady, Robert",pa,Democratic,-0.484,0.063972384,0.0,0.788901846679,0.0564569673427,0.791909059275,0.895952207568,0.670219309184,0.565069887511,0.112999093727,0.565586175327,0.764195445479,0.342779163046,0.585363414997,0.0980698062796,0.588868248107,0.747709457078,0.384457168818,0.80793116526
"Cicilline, David",ri,Democratic,-0.396,0.647688031,0.0,0.118585453667,0.0743847750155,0.124971766694,0.24180318068,0.0,0.284027526999,0.0829110907844,0.276815496138,0.465540013462,0.154200428394,0.264634655758,0.0801743908034,0.258388008872,0.416743549052,0.104654501696,0.706678934579
"Mulvaney, Mick",sc,Republican,0.754,0.538021088,0.0,0.683719036508,0.0592121484041,0.687096010903,0.793695183531,0.557444566633,0.77229359382,0.10583532925,0.769913505441,0.988486470188,0.616224695747,0.770393104905,0.0962089798387,0.770809364561,0.934064595608,0.620918064052,0.433831962104
"Clarke, Yvette",ny,Democratic,-0.605,0.422304511,0.0,0.457730242532,0.0821558577596,0.45990566598,0.609812160406,0.297390053735,0.0871106319586,0.0851630501287,0.0635652155015,0.274321402719,0.0,0.0892293151624,0.0684690219785,0.084364885627,0.202207395181,0.0,0.979523435454
"Mullin, Markwayne",ok,Republican,0.49,1.404404163,0.0,0.725680344732,0.0594984034741,0.728196856736,0.843294615772,0.605080831867,0.652854599623,0.0839725825025,0.642731101399,0.811167530334,0.529740532072,0.689843666528,0.0906293154776,0.690039588204,0.84800514306,0.533393060827,0.444444444444
"Lofgren, Zoe",ca,Democratic,-0.403,0.246750608,0.0,0.598585645107,0.0615777223882,0.604675647216,0.720628283613,0.467870340463,0.386762384092,0.0673119720796,0.382393528069,0.541952974041,0.28087123242,0.407680445136,0.0678346957443,0.401652954976,0.536912650889,0.275702958755,0.885157096425
"Takano, Mark",ca,Democratic,-0.476,0.594112754,0.0,0.171148600692,0.079456665106,0.184276185463,0.293528461572,0.0,0.360312969702,0.0759350202845,0.355299072792,0.542689779898,0.235312397369,0.268647458124,0.0732018374926,0.273309807832,0.412106072889,0.126193960366,0.834833483348
"Meeks, Gregory",ny,Democratic,-0.423,0.227640375,0.0,0.475928437671,0.0624290964035,0.481606683228,0.588457866318,0.358245611052,0.309038910223,0.0754150194792,0.297545521908,0.462240544951,0.187951025371,0.340552693223,0.0715869114421,0.345778760792,0.468345214881,0.201583438428,0.77310819262
"Welch, Peter",vt,Democratic,-0.417,0.799210548,0.0,0.580356222894,0.0653160827706,0.580903284102,0.682584873874,0.460533150286,0.231355406504,0.0783822967349,0.209291530449,0.404809288156,0.118609324847,0.239922160168,0.0654844122576,0.235513395733,0.375395704534,0.12455012729,0.975609756098
"Pascrell, Bill,",nj,Democratic,-0.368,0.996924222,0.0,0.369749401228,0.0649550383434,0.379366353424,0.470627984591,0.235638589125,0.0933640958844,0.0845520718282,0.07106945396,0.29449728712,0.0,0.130222941729,0.0763572968885,0.133813588046,0.297472601819,0.0,0.881595492013
"Hartzler, Vicky",mo,Republican,0.504,0.091389112,0.0,0.920074295887,0.0533433827933,0.920760219318,1.0,0.804961896263,0.757943737412,0.0974353219721,0.745435047698,0.92966501308,0.612378210813,0.758454100929,0.0934015961536,0.753083879648,0.93199638176,0.614601313461,0.696707008162
"Massie, Thomas",ky,Republican,0.604,0.091389112,0.0,0.808310040482,0.0568785554397,0.807956491182,0.918149296512,0.692453898089,0.185469057656,0.161094864733,0.126027667161,0.496768775391,0.0,0.253190246477,0.137594325895,0.22320430186,0.548046452702,0.0751144855025,1.0
"Cole, Tom",ok,Republican,0.337,1.26077795,0.0,0.60745656069,0.0777200654458,0.6083503098,0.743451024757,0.446784080602,0.689239941865,0.0951226764189,0.682520300664,0.871004819723,0.534831317124,0.6356111922,0.0884304585443,0.629273346611,0.804196649668,0.505198177721,0.364288041707
"Gohmert, Louie",tx,Republican,0.597,0.270380348,0.0,0.926151178451,0.0700896794139,0.936258946363,1.0,0.772460171451,0.599115805404,0.0889224412439,0.602325384354,0.782303234003,0.459030178822,0.720666409286,0.100903374277,0.711619646651,0.920149476643,0.546771123745,0.949814029022
"Beatty, Joyce",oh,Democratic,-0.449,0.413906276,0.0,0.13916921863,0.0887487214121,0.141260716685,0.295309424024,0.0,0.207478867463,0.0812342628921,0.19021971346,0.409994918653,0.0860337202633,0.169365417594,0.0732224749919,0.166582403701,0.310368416352,0.0205043928478,0.327942794279
"Hudson, Richard",nc,Republican,0.683,2.050586224,0.0,0.895103663319,0.0676446293599,0.898993309721,1.0,0.746665236666,0.615915220345,0.0849501444049,0.618382590806,0.769260957358,0.489464956562,0.641305602415,0.0856523692655,0.646695327994,0.798961025238,0.498382005756,0.934462277265
"Barr, Andy",ky,Republican,0.47,1.364548564,0.0,0.711861675015,0.05366770797,0.71263794977,0.807250352124,0.595431443556,0.677263975883,0.100340737418,0.668547801337,0.862035756742,0.476133460292,0.673436067468,0.0902686565414,0.666483583682,0.831948148348,0.509192126101,0.31228021978
"Conyers, John,",mi,Democratic,-0.66,0.502640128,0.0,0.411419988196,0.0752900783434,0.414933524143,0.548313114121,0.244612601167,0.137286245466,0.0925379755238,0.116378986814,0.367951717402,0.0,0.134331362475,0.079514373991,0.127880568472,0.294182767676,0.0,0.86473760158
"Thornberry, Mac",tx,Republican,0.529,0.368015409,0.0,0.734053629295,0.0573488020417,0.739933117127,0.837897138755,0.600180377039,0.789800990458,0.10252460654,0.783610966084,0.974606831005,0.632432131586,0.796101743577,0.101592526866,0.801091316747,0.96473527741,0.647919107473,0.338698688469
"Castro, Joaquin",tx,Democratic,-0.41,0.121852152,0.0,0.143938657519,0.0887620049983,0.14705275849,0.320425539379,0.0,0.424188461647,0.0800507080059,0.420203266235,0.581666581748,0.28249727013,0.34729996141,0.0738284395505,0.342015271149,0.489824696749,0.204542769617,0.925700776765
"McCarthy, Kevin",ca,Republican,0.459,1.644431829,0.0,0.70856554643,0.0510995547596,0.711258360655,0.799360000772,0.603012707945,0.795400783624,0.115432885099,0.782048013315,1.0,0.594164606064,0.780000552281,0.0976490112536,0.779859535373,0.970524417697,0.616281229255,0.445970403492
"Holding, George",nc,Republican,0.671,1.456344724,0.0,0.944111645493,0.0467107566705,0.948034815559,1.0,0.839075337706,0.790749175445,0.102227373568,0.781871780904,1.0,0.627520849813,0.75744534526,0.100856716653,0.752944112099,0.954121243533,0.595886934108,0.707551039008
"Ellison, Keith",mn,Democratic,-0.541,1.138201833,0.0,0.392321129938,0.0819988026827,0.401565278104,0.526300663515,0.224215185926,0.26656360035,0.0753549710236,0.255586606936,0.439183442011,0.154069019274,0.225017353798,0.0722043677291,0.229585842924,0.378869821045,0.0858567320869,0.607389592323
"Polis, Jared",co,Democratic,-0.285,1.563552737,0.0,0.102421899093,0.0867734214992,0.0928475139121,0.273017382949,0.0,0.434716985274,0.0763184987712,0.438121806187,0.61143854794,0.297650836006,0.357786200313,0.0700601929274,0.355401159605,0.497702420752,0.230834093688,0.983870967742
"Shimkus, John",il,Republican,0.371,0.461863488,0.0,0.776739316554,0.0473357735977,0.781534925818,0.866146325859,0.6829475805,0.54795419529,0.0902767440127,0.546702574678,0.733323586724,0.394080854008,0.575555727835,0.0815074396925,0.57163674935,0.728939898609,0.435043318298,0.91170007867
"Ryan, Tim",oh,Democratic,-0.409,0.343399912,0.0,0.469693098998,0.0722230637424,0.471936372864,0.580792544711,0.338623697838,0.31605386923,0.0851418866459,0.306550604589,0.492601152051,0.183223244116,0.335375244362,0.0703927974442,0.328149025567,0.473798806139,0.211528635005,0.730025916327
"Fortenberry, Jeff",ne,Republican,0.295,0.513693631,0.0,0.754658255542,0.0497332387613,0.757019657409,0.854635693942,0.664385276268,0.672439563546,0.0907690522486,0.670732819668,0.828230820169,0.521497353546,0.680830814567,0.0824640367042,0.686515158686,0.833131251531,0.544074754783,0.490038115038
"LoBiondo, Frank",nj,Republican,0.2,0.875072062,1.0,0.714909478062,0.062815924487,0.718491668262,0.843894688734,0.566841974412,0.334506099412,0.0978554368598,0.324382177118,0.525098384809,0.16905352849,0.390875256606,0.0840759784222,0.384546921211,0.564105262734,0.226779749664,0.977528089888
"Herrera Beutler,",wa,Republican,0.377,0.595160127,0.0,0.717448046055,0.0546406320495,0.723835916966,0.822959130908,0.609317467113,0.396557222063,0.0780347938166,0.393462041308,0.573380029978,0.270741014459,0.43965069001,0.0725984722696,0.434588736534,0.578137876114,0.31505415137,0.973682773683
"King, Steve",ia,Republican,0.62,0.270380348,0.0,0.968684480869,0.0562821614529,1.0,1.0,0.80568357673,0.724687244056,0.0938712856927,0.723380139402,0.881187417378,0.569876856041,0.828707276599,0.108749518131,0.837346026423,1.0,0.641633321112,0.888589837697
"Neal, Richard",ma,Democratic,-0.417,0.137083665,0.0,0.620779272879,0.0551925489939,0.62325216793,0.721007795112,0.500340870189,0.232988293217,0.0749200018035,0.219623771275,0.413526184186,0.107340649871,0.298135546953,0.064275911746,0.298302372571,0.413761829239,0.186271601962,1.0
"Heck, Denny",wa,Democratic,-0.325,0.837358475,0.0,0.433129436362,0.0724775713552,0.429650465013,0.579258099877,0.293451175498,0.301719896726,0.0697243237237,0.290314219848,0.474903702232,0.196677985416,0.319951122126,0.0640914576603,0.318282933371,0.457426417301,0.19600092818,0.695324005891
"Rush, Bobby",il,Democratic,-0.481,0.198009744,0.0,0.593300001282,0.0720130717815,0.599257539531,0.694794912643,0.461954672739,0.372958875459,0.0739033697991,0.36985013412,0.54381747915,0.260356638251,0.362809321711,0.0661361428479,0.355849814777,0.487617964808,0.248148684068,0.884816753927
"Rothfus, Keith",pa,Republican,0.499,0.091389112,0.0,0.934418830139,0.0473997140676,0.93863554326,1.0,0.841806240184,0.646396452624,0.0831247683634,0.645070400373,0.800555574509,0.521000008824,0.720938491986,0.0926177005722,0.717935321856,0.88961088533,0.578907329318,0.984426764054
"Velazquez, Nydia",ny,Democratic,-0.546,0.975557089,0.0,0.621364013352,0.0561202404232,0.62129087128,0.727026305167,0.506921016807,0.0,0.0,0.0,0.0,0.0,0.00204022268529,0.00838236224115,0.0,0.0366426052232,0.0,1.0
"Hunter, Duncan",ca,Republican,0.511,1.863164067,0.0,0.558435571613,0.101589345009,0.546384427383,0.781177375815,0.404306096519,0.502638875101,0.0702776234432,0.500904835422,0.643243526151,0.394811796724,0.474807928745,0.0740592388703,0.472523786307,0.604401475333,0.35270759494,0.259814787449
"Gutierrez, Luis",il,Democratic,-0.485,0.036555644,0.0,0.537671313781,0.0730946055857,0.545067154189,0.657646892119,0.39052600379,0.242619387465,0.0874364823212,0.22557443139,0.462452736045,0.119221545817,0.309543421369,0.074140137181,0.306405460168,0.475559395826,0.16041305625,0.919132681721
"Courtney, Joe",ct,Democratic,-0.353,0.124898456,0.0,0.470807888327,0.0701586223971,0.467490566212,0.605907945423,0.35256474553,0.207688965832,0.076475918162,0.196214053054,0.386337788095,0.0925240665679,0.277430035978,0.0680826971311,0.276304684482,0.411016293494,0.147794709205,0.913756613757
"Byrne, Bradley",al,Republican,0.535,0.030463038,0.0,0.871581912819,0.0557364100413,0.874684434131,0.986126619126,0.75949198762,0.738193370167,0.0985427718615,0.73108956475,0.91316394226,0.596716891729,0.745143155039,0.0959210600538,0.740974571211,0.927641565564,0.601377937772,0.57905274786
"Swalwell, Eric",ca,Democratic,-0.369,1.329789639,0.0,0.416285329676,0.0728814154403,0.424326650943,0.535461821684,0.285721352857,0.252607917376,0.0662515430451,0.237260513762,0.415732119358,0.160107716868,0.23734299502,0.0683342023653,0.237502823695,0.379253319979,0.103994211862,0.779418604651
"Barletta, Lou",pa,Republican,0.274,2.381305218,0.0,0.721369566312,0.0517633986463,0.71894747499,0.821454999793,0.618390855596,0.73378096042,0.0956022299999,0.733780838334,0.908998630939,0.595681712382,0.725108222823,0.0872804222676,0.732875485242,0.878142736779,0.589036393707,0.258201817312
"Crowley, Joseph",ny,Democratic,-0.407,0.213241264,0.0,0.0952723311309,0.072426740734,0.0940209078546,0.219937324072,0.0,0.191741010413,0.08959291779,0.186205970222,0.375613880263,0.0483687148718,0.232736526725,0.0836988425174,0.239980988535,0.383741453074,0.0427874491363,0.415736397749
"Jackson Lee,",tx,Democratic,-0.459,1.173909187,0.0,0.105251002785,0.0892780293828,0.101729202066,0.304755099477,0.0,0.341645820165,0.0834170729561,0.330160128378,0.510169814613,0.200196999439,0.168403238621,0.0741661858672,0.167940784676,0.317405538759,0.0,0.85580940293
"Gosar, Paul",az,Republican,0.604,2.160502195,0.0,0.855908374671,0.0666557255062,0.861054232603,0.97904022824,0.716032847704,0.747669749435,0.107094329049,0.746771635268,0.971521079296,0.569530703677,0.780849567551,0.105590047379,0.787037338486,0.963955017447,0.609296420842,0.496065231819
"Kennedy, Joseph",ma,Democratic,-0.448,0.392310828,0.0,0.731805395653,0.0543673788642,0.73713929781,0.82261984327,0.613645339907,0.451712446935,0.0750743234676,0.448497667599,0.622681158699,0.325966746837,0.443138961833,0.0690494650698,0.445006943709,0.561152763334,0.317895009019,0.945054945055
"Jordan, Jim",oh,Republican,0.701,0.076157592,0.0,0.855597089886,0.0580265613516,0.857031158409,0.961941894756,0.745281020722,0.726636122628,0.10035237587,0.717782294959,0.922399292794,0.573471497221,0.750289755578,0.0942747505071,0.742896416593,0.915104430802,0.589318015201,0.5929544591
"Cook, Paul",ca,Republican,0.407,1.101775408,0.0,0.763549573738,0.0606132815216,0.7621065425,0.888957588358,0.634577867886,0.619891921227,0.083473525607,0.617505230648,0.769136083618,0.487897092012,0.632189537621,0.085472657722,0.634067856912,0.782102369332,0.486964299627,0.67051218534
"Vargas, Juan",ca,Democratic,-0.381,0.276626289,0.0,0.635876024238,0.0551854704108,0.639197339994,0.731727257579,0.508841104201,0.212473261834,0.0837462620394,0.199153126279,0.401770644914,0.0912351598663,0.255755894684,0.0806511928357,0.2562379107,0.416843003962,0.11168979556,1.0
"Huizenga, Bill",mi,Republican,0.64,1.877415538,0.0,0.806966473713,0.0602242214771,0.807227158505,0.925986081618,0.691611392191,0.559401177639,0.0818775522353,0.554428319548,0.747418045598,0.425153121394,0.590966459975,0.0822665758702,0.588800715332,0.738098922407,0.445511378807,0.920206536783
"McKinley, David",wv,Republican,0.291,1.562208652,0.0,0.72705697335,0.0631220714477,0.725100199668,0.841315780766,0.596325470348,0.591442796172,0.0795497400257,0.590978758598,0.729146723735,0.458939166391,0.589092437807,0.0766341252491,0.586962238467,0.723677772169,0.452004962277,0.640113202904
"Tipton, Scott",co,Republican,0.46,2.787441254,0.0,0.846332422455,0.0697702084207,0.85479254208,0.978518263409,0.70183936005,0.67795461816,0.105958193531,0.666467957886,0.882733357858,0.502664807108,0.67548984919,0.0999643830671,0.686584468714,0.860778193276,0.495657624614,0.667408078645
"Nadler, Jerrold",ny,Democratic,-0.509,0.304630369,0.0,0.39174681257,0.0689476489761,0.391957144097,0.524763594208,0.235114403641,0.0870642120281,0.0875760216293,0.0549163129682,0.26891256762,0.0,0.124124353586,0.0763363724181,0.125034532797,0.258510468975,0.0,0.934343434343
"Walz, Timothy",mn,Democratic,-0.28,0.67507273,0.0,0.802453991513,0.0534706993416,0.809097445584,0.897039436962,0.697694805913,0.293120020254,0.0849415964777,0.27990009647,0.499103700521,0.156829395993,0.314990428625,0.0679276796577,0.316613894296,0.444332341264,0.187613253137,1.0
"Ruppersberger, C.",md,Democratic,-0.303,0.03350934,0.0,0.834609066223,0.061925249068,0.839129252971,0.941979745702,0.705858317135,0.276036840831,0.0833209438503,0.262907604973,0.465792786602,0.148493058775,0.355363843144,0.0665022887447,0.359464134629,0.499577653232,0.228161922711,1.0
"Moore, Gwen",wi,Democratic,-0.528,0.638941765,0.0,0.2377691476,0.0738581005496,0.249845936793,0.360686928621,0.0830848769445,0.428061254552,0.0755231229314,0.424354522069,0.598929179214,0.30833999862,0.21859722346,0.0718701959347,0.2152486801,0.360317788864,0.08830798844,0.854013734312
"Hanabusa, Colleen",hi,Democratic,-0.377,0.143176273,0.0,0.443029365572,0.0582590996278,0.440683893362,0.534152232242,0.320349992015,0.545759896561,0.0800786753237,0.548209883167,0.689598285262,0.407890799834,0.40565171531,0.0659716649504,0.399792308769,0.537284039639,0.28566571029,0.541804864566
"Brady, Kevin",tx,Republican,0.518,0.951229632,0.0,0.550293311517,0.0595885201412,0.556375876826,0.65404242528,0.420745603446,0.789019258861,0.10814177716,0.783176597197,0.992130358413,0.610260635755,0.768160769346,0.0976271008937,0.760625596329,0.960093585316,0.612997228352,0.879218023843
"Rokita, Todd",in,Republican,0.593,0.525043249,0.0,0.675096058826,0.0776754985815,0.674381012608,0.822106271679,0.510283055433,0.592015029342,0.0815613420917,0.588908248161,0.765566388119,0.452837351249,0.608983778997,0.0801521261742,0.609170215291,0.751478595929,0.47752188811,0.394161633592
"Lowey, Nita",ny,Democratic,-0.39,0.167546704,0.0,0.460078770765,0.0687169748345,0.460201725672,0.596773611093,0.32535707826,0.0709186936262,0.0822440109933,0.0358060360307,0.25462950273,0.0,0.0954830000237,0.0622515060376,0.0963581794779,0.215102178492,0.0,0.989637305699
"Lewis, John",ga,Democratic,-0.587,0.435546428,0.0,0.587690267795,0.0534927836124,0.595055597413,0.67167060024,0.454975005832,0.120150998842,0.0749594692266,0.105620113059,0.290297535992,0.00953831418597,0.139164038252,0.0719119285024,0.135620341195,0.267536466687,0.0,1.0
"Womack, Steve",ar,Republican,0.328,0.483230591,0.0,0.914250617643,0.0564452151063,0.916996089621,1.0,0.790059723619,0.895215599675,0.0993404338736,0.897276585189,1.0,0.682404268109,0.882657025632,0.106291618816,0.898654677018,1.0,0.683759284059,0.283771884388
"Stivers, Steve",oh,Republican,0.302,1.348587632,0.0,0.699218333683,0.0607060291789,0.701900889613,0.80681021397,0.574528981326,0.658095338249,0.103340126596,0.649057991944,0.867466068403,0.470941605373,0.644587585599,0.0997825817337,0.636579265441,0.833097685524,0.466602394885,0.324706304827
"Culberson, John",tx,Republican,0.501,1.552134395,0.0,0.79051940388,0.0549644571246,0.798255242087,0.88323735229,0.674700022387,0.754727914406,0.0963125427907,0.736049838027,0.94140912117,0.616960122451,0.751522988267,0.0869289069134,0.743485867034,0.904162453661,0.615938416061,0.357352478776
"Bishop, Sanford",ga,Democratic,-0.289,0.045694556,0.0,0.582534177337,0.0635587965119,0.583307938592,0.705591591565,0.442246604601,0.469126198058,0.0786966264841,0.462201745847,0.623136014376,0.321985978887,0.468583288531,0.0762586664636,0.47278749878,0.602527995752,0.310459919714,0.573604060914
"Lucas, Frank",ok,Republican,0.36,3.680275202,0.0,0.870194246233,0.0710086323333,0.872131674832,1.0,0.727908606429,0.78733286872,0.107090191761,0.774428334621,1.0,0.622615129959,0.802272854378,0.10498462226,0.814047257859,0.968073789991,0.638335846193,0.419363917816
"Kuster, Ann",nh,Democratic,-0.259,0.31902948,0.0,0.321498211936,0.0693917125602,0.323965385543,0.450551476383,0.179325850958,0.255912263815,0.066324844564,0.244140886699,0.417215811274,0.152503467181,0.269821942163,0.0645167007797,0.26972321285,0.387539907075,0.141120256366,0.446586792979
"Visclosky, Peter",in,Democratic,-0.404,0.030463038,0.0,0.766464232557,0.0576041927444,0.768194107472,0.885464052781,0.647201483174,0.342924713284,0.0646481891293,0.337672510171,0.485622498813,0.232036529989,0.402812454205,0.0677966143773,0.396346613389,0.53165498525,0.288085657344,1.0
"Stewart, Chris",ut,Republican,0.517,0.764314771,0.0,0.919408976304,0.0548466104674,0.923417216684,1.0,0.799867189147,0.794193677828,0.108596732722,0.771844675585,1.0,0.611783313749,0.842743737861,0.100455511144,0.848931028372,1.0,0.677649719336,0.573529411765
"Higgins, Brian",ny,Democratic,-0.347,0.137083665,0.0,0.625894874164,0.0572165941287,0.625850884116,0.736165577236,0.511310940932,0.0886370735142,0.0744587907087,0.0706101697075,0.281247113377,0.0,0.153389685446,0.0692097138287,0.157538012088,0.272852797766,0.0205154483565,1.0
"Norcross, Donald",nj,Democratic,-0.38,0.0,0.0,0.68265360572,0.0546470808602,0.680499481994,0.790484683294,0.570811120522,0.0726032712156,0.086797093963,0.0421188480924,0.303674547421,0.0,0.112603076636,0.0744279781892,0.10380520024,0.277928304709,0.0,1.0
"Granger, Kay",tx,Republican,0.387,1.639233351,0.0,0.80527361823,0.0546504331864,0.815717664309,0.891621605007,0.699342792967,0.463409362537,0.0799948322226,0.45333429485,0.628712792938,0.331820267219,0.526196469916,0.0785593459851,0.530603344675,0.664514234154,0.377754433063,0.985483795319
"Serrano, Jose",ny,Democratic,-0.489,0.243704304,0.0,0.682054732731,0.0578102573853,0.683540512979,0.782477424572,0.550052950759,0.24606184231,0.0803800830734,0.228045760172,0.438246310775,0.1387603473,0.319192651002,0.0662438439498,0.316804692885,0.445654879737,0.196433864519,1.0
"Castor, Kathy",fl,Democratic,-0.438,0.121852152,0.0,0.44662646299,0.0783982914771,0.446000860188,0.592696598198,0.29604412653,0.231927866063,0.0789102709823,0.208781831969,0.398469398605,0.118479767495,0.242341796706,0.0704080450101,0.238165500476,0.373885265058,0.109317481401,0.791912937424
"Pallone, Frank,",nj,Democratic,-0.397,1.077275753,0.0,0.175988514239,0.0816572487607,0.180045206094,0.318883412976,0.00505802520139,0.260416055118,0.0985721847696,0.255576335367,0.457010555346,0.079577796905,0.262715489284,0.0886182276822,0.269865904094,0.436089993291,0.0732652895009,0.352849740933
"Esty, Elizabeth",ct,Democratic,-0.309,1.046812773,0.0,0.581389768363,0.0712841814761,0.583032906569,0.711355594736,0.42178369508,0.0522366115424,0.0765128087654,0.0118520151129,0.234908948938,0.0,0.0796195228883,0.0641040401111,0.077250197703,0.211797333947,0.0,1.0
"Kinzinger, Adam",il,Republican,0.27,0.768451393,0.0,0.820662847149,0.0570989950014,0.821203266493,0.929359038171,0.685231629709,0.650327897299,0.0919404086174,0.645040680696,0.836409889565,0.493647089784,0.66215881361,0.0875724213768,0.668264881683,0.814369414885,0.519241435994,0.765440103745
"DeGette, Diana",co,Democratic,-0.437,0.182778224,0.0,0.503536118089,0.0659226529312,0.506347521405,0.614171553795,0.37149425491,0.304570463531,0.0756478704857,0.296382371217,0.459650259084,0.184834511264,0.313694296724,0.0722520572198,0.314572165436,0.450858645855,0.175037610468,0.835159827261
"Denham, Jeff",ca,Republican,0.31,2.211299658,1.0,0.63031929381,0.0576645821157,0.634767265326,0.728071120799,0.511402247016,0.572975212934,0.0819978124526,0.569823295544,0.738141085878,0.443151006595,0.598928464252,0.0791827059675,0.605337677568,0.744873552167,0.461665041936,0.347417046927
"Roby, Martha",al,Republican,0.36,0.407072991,0.0,0.794466385672,0.0531148787439,0.794081885437,0.886730175401,0.68606205396,0.587203050642,0.0820929288236,0.580438033145,0.749220868731,0.453531034158,0.619109314493,0.0843271618826,0.613070346563,0.76179122153,0.474011804673,0.872641509434
"Latta, Robert",oh,Republican,0.515,3.503434658,0.0,0.832218393044,0.0535272914842,0.830472091569,0.930677051113,0.720772209784,0.761347303785,0.103252857668,0.754477859533,0.950776417084,0.580066960482,0.768702577531,0.107111717971,0.777537092617,0.966568063545,0.587888741858,0.433131522533
"Franks, Trent",az,Republican,0.753,1.494995236,0.0,0.972767033198,0.0391588101715,0.996056562411,1.0,0.853364056021,0.613856112021,0.0838805057826,0.604773539231,0.768117256321,0.483107037668,0.63180033277,0.0828304338833,0.637388873059,0.773937767494,0.487022077506,0.995575221239
"Chaffetz, Jason",ut,Republican,0.648,4.262804508,0.0,0.840339026882,0.0573166838944,0.847059110766,0.940865553034,0.729867666663,0.806038673314,0.114448942605,0.785196002352,1.0,0.614591192939,0.812382019565,0.103894430151,0.802822513372,1.0,0.636427907504,0.366549604917
"Schweikert, David",az,Republican,0.642,0.513693631,0.0,0.793956443746,0.0549657396345,0.796568757443,0.899136453872,0.678596791548,0.744739457564,0.0933717400683,0.740645117778,0.915734360201,0.582845342986,0.753354652547,0.0928808937601,0.749243750989,0.925065686282,0.595098708563,0.368871628725
"Harper, Gregg",ms,Republican,0.38,1.117031097,0.0,0.835998567609,0.0581100050178,0.842425146863,0.935298372441,0.716716201956,0.603546295519,0.090008261516,0.598989868968,0.772508624926,0.460105884784,0.614977591608,0.0885877478159,0.614071083523,0.79332334562,0.465937156107,0.867922260068
"Kind, Ron",wi,Democratic,-0.269,0.54470104,0.0,0.555427176465,0.0599294673845,0.559609989919,0.661246279489,0.443242815049,0.421318781821,0.0796488521141,0.406753304059,0.598752636399,0.281650688421,0.423523258065,0.068991034752,0.425391661059,0.563036308823,0.29560570465,0.64400720599
"Smith, Lamar",tx,Republican,0.423,2.789425611,0.0,0.761628859592,0.0682390994584,0.757680709476,0.882410316255,0.629107801616,0.715523959784,0.102984179612,0.713107965594,0.948405125336,0.538987418813,0.719544085487,0.100213240939,0.719271200441,0.924276288521,0.553426314318,0.307692307692
"Brooks, Susan",in,Republican,0.37,1.153042436,0.0,0.664559775511,0.0703259817538,0.664730768578,0.809066951169,0.514464628467,0.512405880131,0.0826635762112,0.510438753675,0.687829803377,0.379956807074,0.511472691218,0.0750932402763,0.509164205777,0.644386174909,0.374508032811,0.70297029703
"Smith, Adrian",ne,Republican,0.506,0.467999071,0.0,0.807109505336,0.0497377372985,0.80700254791,0.903072845721,0.712499154969,0.65441013548,0.0964007153943,0.649774058174,0.831406211334,0.502748856779,0.681714661171,0.0892443746151,0.686731359306,0.835503713686,0.522285291627,0.716474719446
"Pingree, Chellie",me,Democratic,-0.429,0.814145982,0.0,0.597963391645,0.0632891676862,0.597492417828,0.727487533271,0.475003782664,0.281683728157,0.0689959656598,0.264694625358,0.430278474091,0.180989553719,0.282804379482,0.064985303279,0.282685152593,0.398493288654,0.15919039292,0.990521327014
"Wilson, Frederica",fl,Democratic,-0.481,0.298462778,0.0,0.672089838512,0.0566984066257,0.67705616797,0.780205543389,0.564453202759,0.302503960749,0.0718838388155,0.294121084593,0.477026722272,0.188392538987,0.335920340137,0.0695047593045,0.332890262942,0.488093802016,0.216355709272,0.995575221239
"Johnson, Henry",ga,Democratic,-0.476,0.747671664,0.0,0.249678103673,0.0827726527573,0.253700067054,0.396776742858,0.0733707203213,0.23690653652,0.0710464704953,0.229476452478,0.390855599481,0.128610884907,0.213703432663,0.0723776062665,0.215808837725,0.347122439071,0.0827253542492,0.180193142467
"Carter, John",tx,Republican,0.466,1.26077795,0.0,0.906686325473,0.054998864625,0.907054281615,1.0,0.789314746472,0.593113808936,0.0834275777429,0.581066711666,0.75322349508,0.463341174183,0.644930936059,0.0824157341463,0.649186987338,0.800392304219,0.503554732153,0.978433402346
"Bera, Ami",ca,Democratic,-0.221,0.076157592,0.0,0.572144782917,0.054586365376,0.571044182638,0.664617002346,0.477998366955,0.37160269483,0.0719806840891,0.362104026614,0.526832284496,0.253672704118,0.381270029824,0.0707386489336,0.378142659674,0.521924921595,0.23769588329,0.891269937903
"Gowdy, Trey",sc,Republican,0.672,1.40032053,0.0,0.959908053982,0.0431377660567,0.973776730429,1.0,0.874881797361,0.851343492526,0.103060333339,0.846502725635,1.0,0.678226720071,0.863898393708,0.1066127116,0.856763741741,1.0,0.69119450499,0.578445512821
"Sanford, Mark",sc,Republican,0.642,0.391841471,0.0,0.710626052504,0.0549562481207,0.7132531248,0.817029917204,0.601277120313,0.59457624964,0.084547456851,0.594145324664,0.767283976929,0.458528129884,0.62272473622,0.0863826915622,0.617035901183,0.781146956993,0.48190123183,0.613216670504
"Wenstrup, Brad",oh,Republican,0.58,0.118065156,0.0,0.851151190902,0.049912632637,0.858447767659,0.93939849137,0.742334030565,0.688235876932,0.0909186992682,0.6817804378,0.867798085059,0.54981341182,0.717821980751,0.0930534357817,0.716683866451,0.883157975647,0.569695786834,0.714131607335
"Davis, Susan",ca,Democratic,-0.348,0.322908193,0.0,0.378577355759,0.0662451442589,0.379178208757,0.510398341889,0.240548307088,0.192736795939,0.0858039591348,0.182458429634,0.370966346864,0.0287455598944,0.184339444715,0.0823623687175,0.186911819132,0.350617118418,0.0303507772592,0.771879240163
"Gibbs, Bob",oh,Republican,0.446,0.59231019,0.0,0.750788819937,0.0688396615237,0.749756315727,0.879863256603,0.614946758561,0.761952951974,0.106826604659,0.756234895237,0.944163603511,0.590167103204,0.719016377651,0.0949150401793,0.719784362771,0.897341101143,0.559591953474,0.238036593948
"Speier, Jackie",ca,Democratic,-0.389,0.68124032,0.0,0.36708786463,0.0636557395292,0.373801477961,0.48751589681,0.244453973908,0.290041907967,0.072485717734,0.274806146837,0.466011785257,0.180528021291,0.280236750626,0.0671945301679,0.281248211592,0.404776485767,0.146518848582,0.500052664841
"Duncan, John",tn,Republican,0.599,0.340598673,0.0,0.885065806592,0.0515852164042,0.889127175554,0.978143515042,0.763125565502,0.415223178465,0.0827569266534,0.419219380601,0.605239445621,0.231207533567,0.477679419136,0.0787924840212,0.474544622372,0.633158939111,0.325898532461,1.0
"Hensarling, Jeb",tx,Republican,0.706,0.0,0.0,0.818748329329,0.0621071320485,0.811743648764,0.939571871585,0.701871654221,0.929459859692,0.0828215769885,0.990329595729,1.0,0.771209586694,0.896228866202,0.0963446971113,0.91757568121,1.0,0.733185218273,0.561475922452
"Scott, Robert",va,Democratic,-0.457,0.985886693,0.0,0.432904126359,0.0773116259318,0.436427904217,0.560869449702,0.286719624044,0.32009063605,0.088993107384,0.314370843522,0.520824793549,0.149068029899,0.272477341123,0.0704933487249,0.273373579313,0.406433333698,0.135811535349,0.565472458576
"Wagner, Ann",mo,Republican,0.447,1.675752759,0.0,0.890030326944,0.056802724825,0.888717705794,1.0,0.76591298479,0.700133475541,0.0933684607209,0.699393290116,0.869750284896,0.542602331476,0.732646538766,0.0964233630744,0.734775855074,0.905628929755,0.564324964422,0.800303674461
"Roskam, Peter",il,Republican,0.438,1.718815446,0.0,0.892240331682,0.0523213482645,0.896985023555,0.996104850896,0.771770654806,0.714147646168,0.102489770037,0.713256186724,0.909024199815,0.56003010626,0.737785824172,0.0934369742723,0.741740191905,0.891325252472,0.587017998454,0.738591060457
"Blumenauer, Earl",or,Democratic,-0.43,3.330415487,0.0,0.442034086826,0.0856674221941,0.452985641675,0.576900368571,0.247911581297,0.198730629275,0.0847479390737,0.180160505369,0.393613428401,0.0729731941453,0.257485899839,0.0738773311731,0.256252208515,0.376674370644,0.119369422425,0.852820659424
"Nunes, Devin",ca,Republican,0.449,0.955423653,0.0,0.74199860952,0.0523853181597,0.746668987867,0.836074470531,0.620260062845,0.51164567408,0.103781555726,0.506104094224,0.752753488981,0.3406204917,0.529424213303,0.103215785747,0.522030801673,0.736493669459,0.352101539305,0.848034534893
"Cleaver, Emanuel",mo,Democratic,-0.458,0.282718897,0.0,0.671319891241,0.0539067694993,0.678268590458,0.767780053736,0.558847775021,0.453209363621,0.0830751775025,0.447929354456,0.617919202827,0.297826974543,0.490576543075,0.0852789047685,0.485130021831,0.653595242442,0.331600783546,0.88658445441
"McCaul, Michael",tx,Republican,0.443,1.555682063,0.0,0.766615086146,0.0932202620263,0.758650685495,0.953568768281,0.584323268629,0.637821940683,0.0887109099103,0.632207483448,0.817523481617,0.502247127666,0.636456160429,0.0848197001649,0.635450564341,0.798217398602,0.487850387655,0.501819866323
"Cramer, Kevin",nd,Republican,0.375,1.182568431,0.0,0.858855816726,0.0473089867135,0.858199357512,0.952139542276,0.761519283411,0.70691359738,0.0985476104453,0.700295051165,0.887178019204,0.555149464604,0.718883137287,0.0921803623721,0.732093332635,0.882023967043,0.54912142797,0.67587543054
"Thompson, Bennie",ms,Democratic,-0.519,1.045977116,0.0,0.793213288746,0.0852278784916,0.789076579802,0.968438135777,0.61811437775,0.703206703459,0.137508570602,0.708891610182,0.897911806672,0.420916847085,0.46747198075,0.0716206296124,0.463444972547,0.608360817646,0.340754310288,0.351735491837
"Kelly, Mike",pa,Republican,0.319,0.784184337,0.0,0.758079457893,0.0659855839344,0.764157509552,0.875870311822,0.618562380654,0.776112115808,0.098717276957,0.762377928851,0.98236750721,0.614438430177,0.793879883001,0.102666130531,0.792548918223,0.97149472568,0.637329708519,0.213704805279
"Wasserman Schultz,",fl,Democratic,-0.44,1.396355629,0.0,0.304707588392,0.0687283173142,0.305172476019,0.429679628545,0.184644904416,0.267830718071,0.080648268434,0.251453421948,0.447862484766,0.138938240253,0.23574580034,0.0703425475509,0.236744894557,0.373055200528,0.109115458746,0.298356639788
"Adams, Alma",nc,Democratic,-0.47,0.0,0.0,0.441399454578,0.0752948311659,0.440058777943,0.577984995171,0.306954448391,0.238935959288,0.0821954101535,0.227833323879,0.430692411947,0.120368058756,0.274306392727,0.0728437937946,0.275908332051,0.415665272109,0.137302775072,0.813595706619
"Quigley, Mike",il,Democratic,-0.319,0.322320849,0.0,0.174135156677,0.0798694920241,0.190359602041,0.2934227284,0.0,0.31387953855,0.0761976904043,0.304205037455,0.48955784075,0.196164321601,0.277047158925,0.0648788395315,0.281553688797,0.392568558869,0.152497780854,0.608910891089
"Cardenas, Tony",ca,Democratic,-0.373,0.261982143,0.0,0.500916751944,0.0624168444472,0.504864431984,0.610478598798,0.373058430691,0.266478302256,0.0849905249556,0.246447468537,0.463754338598,0.149077691104,0.296223500597,0.0668968126721,0.297877363847,0.421391795232,0.161281120047,0.85425204918
"Black, Diane",tn,Republican,0.589,2.404110909,0.0,0.740523381833,0.0513786744167,0.739313135592,0.831941839785,0.631861600627,0.791952974566,0.112184152451,0.780739838279,1.0,0.603503421221,0.799675053875,0.113255975302,0.778799824104,1.0,0.632557415881,0.369369784703
"Hastings, Alcee",fl,Democratic,-0.567,0.198009744,0.0,0.0210388464074,0.0346044754542,0.0,0.106955985485,0.0,0.325978662933,0.0675862852704,0.320163114869,0.484909871041,0.216706565008,0.286930530136,0.0660631816978,0.286789525346,0.409733029971,0.158237759184,1.0
"Lipinski, Daniel",il,Democratic,-0.241,0.652896285,0.0,0.636108783766,0.0518493726316,0.641130576293,0.722617094288,0.534418338077,0.469315981774,0.0755877401589,0.466384355671,0.638284912288,0.346642028024,0.456607993782,0.0695334449128,0.457907399558,0.574694240869,0.323919948262,0.80967225778
"Calvert, Ken",ca,Republican,0.345,1.881499171,0.0,0.769465173203,0.0606117372947,0.769862492619,0.88819900052,0.628345493251,0.613385641426,0.0855187424845,0.615929100517,0.781186601119,0.471566649802,0.617641829642,0.0802706115251,0.617192886238,0.753392161086,0.479089602362,0.718737027812
"Peters, Scott",ca,Democratic,-0.178,0.793861866,0.0,0.522986041842,0.070607053308,0.527524638867,0.646018867316,0.399431984726,0.344708800031,0.0989055934605,0.340835538636,0.575887840575,0.173723530455,0.342225295215,0.101330443162,0.332109684185,0.549882534582,0.149228967954,0.746615511099
"Matsui, Doris",ca,Democratic,-0.444,0.274167329,0.0,0.557637438725,0.0812257561515,0.554555015081,0.723051706513,0.384600683558,0.204803836983,0.106125699524,0.17369229185,0.426034557398,0.0562667193189,0.289902463331,0.0722507766132,0.288908277341,0.437463754866,0.150752238605,0.932736980792
"Reichert, David",wa,Republican,0.214,2.992509604,1.0,0.63606020877,0.0486663223015,0.637895858684,0.722188660379,0.542670816488,0.343479723114,0.0889659362507,0.334799661793,0.530950306692,0.196217382095,0.354425714386,0.0821735515986,0.341562603151,0.535922402184,0.220730915351,0.960878090774
"McNerney, Jerry",ca,Democratic,-0.258,0.368602753,0.0,0.44833127801,0.0739708393358,0.455248722845,0.574399159134,0.29785025979,0.310628058448,0.0815291497253,0.29883707989,0.478024062128,0.17575144976,0.318950753937,0.0795489559629,0.325211773152,0.487643191546,0.16636474053,0.621590909091
"DeLauro, Rosa",ct,Democratic,-0.421,0.563566208,0.0,0.175322668581,0.0807564800774,0.176028346765,0.312946873728,0.0142448451343,0.0635018359676,0.0792784502905,0.026732714997,0.244667336991,0.0,0.0307891677921,0.0469474456318,0.0,0.156258539177,0.0,0.587462587296
"Smith, Jason",mo,Republican,0.614,0.549465597,0.0,0.925772489052,0.0571689155999,0.928512643748,1.0,0.802267775702,0.773009563233,0.108092953247,0.775884337712,0.976145978229,0.595522666323,0.778604403432,0.100097078496,0.770721982372,0.954362711983,0.632898385592,0.667225125653
"Pocan, Mark",wi,Democratic,-0.572,0.198009744,0.0,0.00472160698659,0.0146684574662,0.0,0.0489537493716,0.0,0.0688142796828,0.078333663977,0.0377780768879,0.258082523157,0.0,0.00894526343529,0.0269865119219,0.0,0.113629769224,0.0,0.613391753736
"Graves, Sam",mo,Republican,0.429,0.936499536,0.0,0.752131946639,0.0669183612612,0.75360368104,0.879578142006,0.624009186647,0.785239004588,0.0976390074792,0.778058244744,0.974136765119,0.636503528625,0.775658366687,0.0965292210951,0.775715213144,0.944146357988,0.62226988075,0.249261083744
"Conaway, K.",tx,Republican,0.591,0.246163264,0.0,0.745967888756,0.0668401156945,0.746742001327,0.866873328458,0.624483076951,0.797084420456,0.107287877071,0.779175306965,1.0,0.640567491973,0.784448881711,0.098945121211,0.770601259728,0.987160475161,0.642565985622,0.2945626036
"Bucshon, Larry",in,Republican,0.393,1.672981977,0.0,0.687553938315,0.0518792155539,0.691886475911,0.782181440537,0.561744781739,0.710141649952,0.0918059421387,0.703855420773,0.872308413076,0.567300623931,0.708769861449,0.0940116186627,0.729021834592,0.86135212198,0.547441935198,0.267343485618
"Cohen, Steve",tn,Democratic,-0.401,0.533103168,0.0,0.355621775475,0.0658950643445,0.362740127146,0.466617618757,0.203648893791,0.444866003396,0.0858390929719,0.436874379032,0.620391488573,0.30003422836,0.411341226157,0.0682734896486,0.410654021621,0.5416965718,0.274165608728,0.42528379773
"Webster, Daniel",fl,Republican,0.464,0.045694556,1.0,0.7698657399,0.0561404230295,0.771243767906,0.872492782887,0.656022727419,0.725866162076,0.0937978261031,0.732228150091,0.887248455699,0.574248111788,0.732588277823,0.094345645611,0.728382357226,0.914757942699,0.579568647812,0.313375125835
"Sarbanes, John",md,Democratic,-0.461,0.106620632,0.0,0.633293231646,0.0512873988908,0.634371962956,0.72320469713,0.525088947335,0.0708048767521,0.0792339579744,0.0414961495105,0.268233235861,0.0,0.141517937686,0.0735194348369,0.148504036986,0.279326825048,0.0,1.0
"Carson, Andre",in,Democratic,-0.443,0.201056048,0.0,0.514781835954,0.0702503984406,0.522221474757,0.629077915255,0.379828001423,0.310088004352,0.0745886760575,0.295127585166,0.488038233861,0.204837151133,0.3111529845,0.0683602037454,0.314875668905,0.447224776899,0.170556852621,0.846096909778
"Sires, Albio",nj,Democratic,-0.406,0.167546704,0.0,0.60122756163,0.0581367806345,0.59712558116,0.712505586355,0.48331173545,0.0308254595173,0.0596521093705,0.0,0.202309695958,0.0,0.0481803467678,0.0554252744087,0.0227773645966,0.169035141283,0.0,1.0
"Aderholt, Robert",al,Republican,0.358,0.908495426,0.0,0.634707816412,0.0614757611991,0.637164839494,0.766676513301,0.489219498176,0.599359811966,0.108852759559,0.593192454426,0.830395199342,0.378898565326,0.603816226448,0.0959715447926,0.595822021145,0.817594170922,0.437717914569,0.285617367707
"Labrador, Raul",id,Republican,0.729,1.074603796,0.0,0.771136117262,0.0556970229621,0.772016614986,0.882177306748,0.665596352274,0.641989483665,0.0875150507972,0.638115251026,0.802707210605,0.499828992116,0.626701029704,0.0818484850179,0.629994642423,0.761555390612,0.481896247499,0.62108132667
"Foster, Bill",il,Democratic,-0.219,0.213241264,0.0,0.495399696732,0.0559557517544,0.497451629688,0.600240696772,0.356438453117,0.33888402588,0.0758397944299,0.333480698408,0.510153767736,0.206284495687,0.304291025172,0.0676505572492,0.30557987522,0.421830525007,0.17395057132,0.790137694029
"Lynch, Stephen",ma,Democratic,-0.352,0.820782959,0.0,0.646070538078,0.0648403444537,0.653192418524,0.747192553256,0.516572492521,0.428803647348,0.0736300092872,0.425568062029,0.587826156336,0.292485842093,0.473868521678,0.0710182080412,0.47782673937,0.60702076822,0.3427476973,0.8785660941
"Sensenbrenner, F.",wi,Republican,0.646,2.068677902,0.0,0.744122478761,0.0631086516195,0.749833921838,0.868192981949,0.622913060046,0.57223263887,0.0906253636708,0.574534306815,0.751589610164,0.419615246705,0.598081269339,0.0834634590657,0.595472110127,0.736497783541,0.453120128916,0.727824272799
"Fleischmann, Charles",tn,Republican,0.489,0.060926076,0.0,0.687611931266,0.051135121254,0.691868985444,0.776052483542,0.575648539124,0.68001168879,0.0965121903505,0.681111789795,0.860150373949,0.524435287976,0.694777991825,0.0937629844191,0.68668131536,0.874221236777,0.54582735425,0.248398369249
"Luetkemeyer, Blaine",mo,Republican,0.445,2.344299793,0.0,0.889262461624,0.0627937342419,0.893355512999,1.0,0.768028179307,0.723975408039,0.0969950750283,0.706844480522,0.911469836126,0.586011315489,0.717207010487,0.0906948720428,0.705382250102,0.884159250452,0.584903227815,0.685835095137
"Shuster, Bill",pa,Republican,0.377,3.828664541,0.0,0.729587531835,0.059174580033,0.730210398158,0.842791942819,0.590179215901,0.683011846487,0.0925427287539,0.676766164752,0.856940170206,0.536431613629,0.570836363972,0.0807857955838,0.580411307849,0.704568406292,0.432302855941,0.359674088956
"Lamborn, Doug",co,Republican,0.692,1.897396445,0.0,0.943115285789,0.0509058339781,0.954589675831,1.0,0.833023972741,0.846327479179,0.106835871774,0.841072623624,1.0,0.669867481276,0.871411885233,0.103182458145,0.880682792271,1.0,0.69476234922,0.487026336861
"Vela, Filemon",tx,Democratic,-0.316,0.045694556,0.0,0.743687926461,0.0515466181301,0.748534810436,0.830320912747,0.615751308534,0.301174803817,0.0776857385563,0.286262534859,0.483684276063,0.184136871341,0.350907679258,0.0710638038571,0.350462023781,0.487287124569,0.223856729211,1.0
"McGovern, James",ma,Democratic,-0.534,0.094435416,0.0,0.00625064915572,0.0180961759084,0.0,0.0636887096512,0.0,0.100085877663,0.0840211881599,0.077444213084,0.294612653939,0.0,0.0633769473088,0.0656333043281,0.044770678492,0.211546952365,0.0,0.769560708899
"Yoho, Ted",fl,Republican,0.698,0.699867845,0.0,0.920483817479,0.0535240543978,0.919096066022,1.0,0.806237937694,0.833097884331,0.104921073734,0.831700296365,1.0,0.677722766017,0.819718028175,0.101805977025,0.818238881224,1.0,0.66702582134,0.471289214056
"Kaptur, Marcy",oh,Democratic,-0.351,0.407464027,0.0,0.351781634021,0.0695383446017,0.360206817073,0.470767254254,0.199223815124,0.127736576104,0.0751594642744,0.112222197879,0.308018050755,0.0,0.124753655907,0.0652555344255,0.12844051077,0.246659626133,0.0,0.833132348508
"Messer, Luke",in,Republican,0.555,0.726543844,0.0,0.671425439307,0.0676262893802,0.6739536099,0.811246315942,0.54615876325,0.551722408151,0.0785468703976,0.542310125739,0.70350898962,0.439584250923,0.581012059434,0.0777586150988,0.576496233238,0.721679379619,0.448605651764,0.575822673567
"Long, Billy",mo,Republican,0.578,0.407072991,0.0,0.825053048169,0.0539970639493,0.824103037981,0.934509789603,0.729207342737,0.773757294023,0.101984787752,0.757192673552,0.970288653459,0.610761134227,0.76152910331,0.0950740311242,0.749513258015,0.931031606043,0.620213583455,0.402487961477
"Brownley, Julia",ca,Democratic,-0.275,0.346537948,0.0,0.371714126101,0.073009459435,0.374370087096,0.515593720119,0.212002337912,0.213195418992,0.0770718336908,0.190875545782,0.390707057951,0.0898955913717,0.242741197529,0.0723523225459,0.243368545719,0.37388179395,0.108560460199,0.724980218995
"Paulsen, Erik",mn,Republican,0.404,1.386417031,1.0,0.713522271956,0.0511580442377,0.71765322294,0.803078807888,0.610017674141,0.53089014978,0.0774794827871,0.529119412624,0.680816960645,0.408159444673,0.538775647449,0.0760606763077,0.539493447406,0.684415770685,0.386584465093,0.816927579319
"Payne, Donald",nj,Democratic,-0.504,0.680407941,0.0,0.212403440333,0.0913466005139,0.219471456046,0.362395956336,0.000766415510615,0.152061760619,0.0898151202541,0.136157699511,0.334304064351,0.0,0.14424449326,0.0735627335397,0.142748274988,0.28633034049,0.00356767464108,0.400529473198
"Perlmutter, Ed",co,Democratic,-0.303,0.837358475,0.0,0.648630514277,0.05334149308,0.652605289969,0.746180530874,0.533719805329,0.203197539055,0.0761091451765,0.18990187782,0.383705603114,0.0763787939518,0.222170050159,0.064735226549,0.222495989877,0.343334599521,0.0904527394864,1.0
"Rogers, Harold",ky,Republican,0.332,5.99363327,0.0,0.752137102088,0.0695267412015,0.74758978779,0.88958584383,0.60413288717,0.504738763027,0.0806384209386,0.49853459644,0.66487575284,0.374061768938,0.551379474793,0.0764632534221,0.554069036532,0.69134910835,0.41425585518,0.896595275844
"Sewell, Terri",al,Democratic,-0.407,0.191842124,0.0,0.436908430074,0.0645519654135,0.438066976246,0.547371865078,0.304669418347,0.213545736893,0.0815116330525,0.194626750059,0.38281797799,0.0784911786047,0.225625479722,0.0703505066362,0.224845132802,0.353706078929,0.0952883074026,0.837297297297
"Clawson, Curt",fl,Republican,0.626,0.230931744,0.0,0.761833187451,0.0596371502885,0.764729966633,0.867947797717,0.642597675695,0.276167828299,0.127752075893,0.233520801311,0.581348044511,0.109567264707,0.522176750414,0.0734939730769,0.520186150085,0.658486314014,0.401446944871,0.978494623656
"Coffman, Mike",co,Republican,0.496,4.367919445,1.0,0.708995342331,0.0573518902925,0.712166021317,0.81888160749,0.576801528588,0.547338830934,0.0799248721322,0.544617761902,0.70588886635,0.416015824202,0.552322294412,0.0783457577324,0.547603354236,0.718386715629,0.422627136627,0.781591424449
"DeFazio, Peter",or,Democratic,-0.429,0.947833657,0.0,0.554981037837,0.0752571509847,0.555901448686,0.706085948465,0.395169410037,0.326299788015,0.0755115343407,0.319158735955,0.502523523854,0.197463330641,0.384742994535,0.0808636653325,0.38312379348,0.540407900592,0.228994821379,0.864971624291
"Johnson, Bill",oh,Republican,0.435,3.030955076,0.0,0.807978589211,0.0512348771549,0.812527726312,0.909049182922,0.704001837344,0.720639429156,0.101446618259,0.712567979061,0.914770342116,0.553307799023,0.727436098535,0.0886527360471,0.716155444151,0.886579278442,0.586098212303,0.468181818182
"Bridenstine, Jim",ok,Republican,0.695,0.407072991,0.0,0.816310476853,0.0565296155397,0.81523881172,0.938240118706,0.698138314164,0.861897774779,0.103841306416,0.860085291467,1.0,0.693003326272,0.858656908896,0.0965256813675,0.851902623335,1.0,0.712394176972,0.352832512315
"Pittenger, Robert",nc,Republican,0.558,1.456344724,0.0,0.845685748891,0.0551698677278,0.853839001347,0.939858830754,0.743277520393,0.561842404977,0.105717023621,0.56022824076,0.753930308969,0.360463761857,0.623618742212,0.0986180206771,0.615248187041,0.831951764625,0.457945052849,0.931760785233
"Tsongas, Niki",ma,Democratic,-0.409,0.513693631,0.0,0.582756274247,0.0660067836342,0.581117705004,0.713461939489,0.470364335212,0.413078098716,0.0709347412048,0.407282650799,0.555907239022,0.303018943349,0.390812815135,0.0668156712527,0.391196117148,0.531527295618,0.267471400334,0.786730769231
"Ross, Dennis",fl,Republican,0.539,0.690104723,0.0,0.74693708853,0.0567602458959,0.75585777677,0.854432906836,0.617071267871,0.722880756461,0.0943882456213,0.715465665205,0.906193621254,0.594715092022,0.725949395943,0.0877894051622,0.72226489309,0.882044338298,0.593571008099,0.279736452871
"Sherman, Brad",ca,Democratic,-0.346,0.045694556,0.0,0.786932487832,0.0593907262717,0.785517053364,0.907896519934,0.676860330302,0.409116864592,0.0879168027694,0.394182190467,0.599041212366,0.257257764114,0.466059279375,0.0799617192776,0.470015027046,0.609724387356,0.336095876304,0.995594713656
"Brat, Dave",va,Republican,0.828,0.0,0.0,0.754171618564,0.0549367095051,0.756409199191,0.863578407324,0.649051210688,0.735765325143,0.101130333316,0.73093411583,0.920993324074,0.590317520609,0.739341632243,0.0955093463174,0.744223267922,0.904923605091,0.585150145336,0.290107400571
"Titus, Dina",nv,Democratic,-0.296,1.178961754,0.0,0.344614630779,0.0692274080971,0.353690242685,0.453472623319,0.17045200497,0.352776984131,0.0801298429401,0.333666989489,0.535664412425,0.235639346286,0.292404762379,0.0654745743198,0.29272514019,0.417846133571,0.175459519942,0.122172061766
"Delaney, John",md,Democratic,-0.276,0.483230591,0.0,0.67070611505,0.0544440439751,0.671394890509,0.770462606831,0.542226211657,0.343605047179,0.0750181114764,0.33436112877,0.509203297463,0.229401612235,0.381492745351,0.0708678168971,0.378538672067,0.521979837479,0.260244889861,0.975069814674
"Jenkins, Lynn",ks,Republican,0.522,2.353831291,0.0,0.635617279212,0.058304301309,0.6376636095,0.743494472579,0.518983595057,0.600564772777,0.0838448793541,0.596919405352,0.761372517001,0.479088026605,0.616550597573,0.0854992853471,0.6106232902,0.760915612099,0.478087152092,0.306590896429
"Bilirakis, Gus",fl,Republican,0.392,1.376384139,0.0,0.719268912555,0.0551248395663,0.722948606027,0.82885692811,0.614036462228,0.519629525108,0.0800012758919,0.518428218378,0.68677073318,0.390954565051,0.531716157183,0.0716289966688,0.530917910691,0.669025882928,0.399072683085,0.846088435374
"Meng, Grace",ny,Democratic,-0.386,1.693412066,0.0,0.646312830559,0.0556701682924,0.645058226854,0.739222730223,0.535056515095,0.196329056213,0.0817183554861,0.180285423854,0.375606164915,0.0693185708046,0.256137632267,0.071539722611,0.261696653425,0.390190316995,0.111530579384,1.0
"Tiberi, Patrick",oh,Republican,0.386,2.083742857,0.0,0.71145255513,0.0534175083355,0.711817106347,0.801540068401,0.605454804745,0.59696628585,0.0855251130425,0.601920159164,0.771479670969,0.458530573192,0.61085458898,0.0809670000799,0.598085687067,0.77104892156,0.484317484924,0.608553299492
"Tonko, Paul",ny,Democratic,-0.423,0.201056048,0.0,0.0645626259274,0.068577378459,0.0468987913951,0.218546290798,0.0,0.181619018126,0.0904175772632,0.170024663121,0.358523069829,0.0182668000858,0.0741571503207,0.0698537305202,0.0689770118259,0.2178929219,0.0,0.529974669294
"Foxx, Virginia",nc,Republican,0.65,3.861476183,0.0,0.728696176008,0.0753355522677,0.730837834595,0.873792495307,0.58271718417,0.511318333101,0.0751816863342,0.510254439937,0.674944389698,0.395317050683,0.55845889366,0.0784835176767,0.559211300212,0.71095361874,0.420786743698,0.873525929434
"Scalise, Steve",la,Republican,0.559,0.814145982,0.0,0.973962716518,0.0357015769239,0.997140168859,1.0,0.877703149664,0.79794284413,0.115599646435,0.780640256379,1.0,0.597378211635,0.854801410716,0.11090366069,0.864443760917,1.0,0.642971679383,0.743837209302
"Butterfield, G.",nc,Democratic,-0.421,1.012467861,0.0,0.395832518999,0.0718584519972,0.400875596103,0.536273153792,0.25087750538,0.262774365997,0.0843551919539,0.256877213605,0.448662288639,0.114533904961,0.282726759851,0.0695969326786,0.281173621317,0.438451699084,0.155769862645,0.609310563604
"Marino, Tom",pa,Republican,0.357,1.095970869,0.0,0.681071684902,0.0558219268319,0.680392418716,0.783437941251,0.569821488912,0.790001640504,0.106392886991,0.770787486167,0.991662910773,0.633376568497,0.791466294546,0.102090874291,0.789883360394,0.984036801209,0.615094050213,0.485723408137
"Turner, Michael",oh,Republican,0.266,0.520330608,0.0,0.635404087826,0.0635056922192,0.637020991159,0.765789942513,0.518283342186,0.65477548713,0.0920951598664,0.646150841412,0.845720471146,0.503316847571,0.65377875343,0.0863648844913,0.65389605986,0.810515710592,0.516137551575,0.207308938441
"Larsen, Rick",wa,Democratic,-0.372,0.270380348,0.0,0.791000803373,0.0842733251464,0.793031565341,0.927930646175,0.603668637982,0.410593460853,0.0870146116275,0.40963590258,0.574063954603,0.258470241323,0.436639544849,0.093410351437,0.438856768414,0.620499290024,0.245220259793,0.970824111754
"Weber, Randy",tx,Republican,0.714,0.076157592,0.0,0.944273250027,0.0494128315357,0.948477455744,1.0,0.817622869608,0.810470451105,0.100302479128,0.809090655167,1.0,0.668327015609,0.829799716188,0.101726135439,0.822566764435,1.0,0.682108960746,0.622624434389
"Upton, Fred",mi,Republican,0.337,3.304659605,0.0,0.66637499151,0.0578073106372,0.663392717512,0.792290530974,0.55296780712,0.66687151152,0.0919764842697,0.658289411047,0.844393275312,0.516015212664,0.662279068514,0.0869551602707,0.668193043437,0.809020854543,0.498317012359,0.185316144874
"Royce, Edward",ca,Republican,0.666,6.752827168,0.0,0.72916184797,0.059807314751,0.727940087913,0.843075356877,0.604416184003,0.477338310406,0.0804927598055,0.471111257645,0.649566891537,0.355508685247,0.484848342469,0.069390338953,0.483171297127,0.610861744154,0.364223157761,0.916658531824
"Keating, William",ma,Democratic,-0.335,0.045694556,0.0,0.682351685728,0.0486969820462,0.684240009456,0.766868758377,0.567509130254,0.219677043921,0.0805881950364,0.194331751015,0.40559170357,0.0970681285882,0.265291649866,0.0674373078411,0.266799186408,0.388955421621,0.144169002352,1.0
"LaMalfa, Doug",ca,Republican,0.563,0.422304511,0.0,0.677961086365,0.0583384629903,0.677081032252,0.793647938772,0.558775111397,0.692214566543,0.0931029133205,0.684539238557,0.867518543451,0.543882785459,0.664945683354,0.0895765307501,0.667518424479,0.818661885601,0.521719882389,0.200843351039
"Joyce, David",oh,Republican,0.26,0.304239362,0.0,0.653838329626,0.0750941594742,0.647855604672,0.807117405351,0.513733195622,0.375362381004,0.0841462949406,0.358887388856,0.559109546707,0.256045385803,0.428677955661,0.0867450478714,0.427815976667,0.609405371408,0.264568413253,0.905409468304
"Yoder, Kevin",ks,Republican,0.572,0.291857809,0.0,0.832400597565,0.0530607770094,0.836661205194,0.925221752906,0.723067321904,0.748632214629,0.0941503159075,0.745840005078,0.911093110583,0.591385136167,0.74637977843,0.095965637999,0.739584519985,0.929474505098,0.587369367569,0.471746031746
"Jones, Walter",nc,Republican,0.243,1.017311335,0.0,0.881299838551,0.0649936180253,0.88444006421,1.0,0.744066457849,0.519323190528,0.0822712276018,0.518112720044,0.692526102425,0.377522702118,0.577197679756,0.0844622560339,0.573766190654,0.745333769661,0.432412876333,0.989743589744
"Bishop, Rob",ut,Republican,0.529,3.147586107,0.0,0.765782190387,0.0610327855981,0.762049510943,0.893291239633,0.636465475432,0.74804890311,0.108874125397,0.743428139618,0.955413370276,0.573687288487,0.785229610515,0.105590332816,0.786293392051,0.982259841206,0.607810209209,0.2948512162
"Rice, Tom",sc,Republican,0.584,0.431400448,0.0,0.881008294258,0.0555682988689,0.883891323569,0.983321669021,0.77113691139,0.955402649517,0.097706669207,1.0,1.0,0.676144765984,0.964770402337,0.0850440366542,1.0,1.0,0.70477316919,0.793804755945
"Crawford, Eric",ar,Republican,0.355,1.144711733,0.0,0.697065008296,0.057808527201,0.695402309544,0.797902384297,0.578256180716,0.52325301976,0.0886953398094,0.513705213263,0.710192481972,0.382342318721,0.54624105482,0.082801680477,0.544548150502,0.710494390373,0.389234672471,0.77474892396
"Huffman, Jared",ca,Democratic,-0.433,0.890303552,0.0,0.551244751078,0.0900193498727,0.54587063557,0.744255724697,0.379903139002,0.242250853074,0.0807246435761,0.22214121352,0.42628066245,0.109950302634,0.27272517911,0.0706169682719,0.271909778026,0.422836962398,0.151230009359,0.928675136116
"Collins, Doug",ga,Republican,0.663,0.74462539,0.0,0.834176581862,0.0552745868879,0.836641291547,0.932655640239,0.721345917494,0.718950647373,0.109776615219,0.715641564395,0.940291632161,0.521068989614,0.734624804113,0.0967350127675,0.733203758803,0.927370184736,0.586450718273,0.578229702353
"DesJarlais, Scott",tn,Republican,0.593,0.060926076,0.0,0.781320515863,0.0574281531894,0.788394223408,0.887322478654,0.660659179338,0.880497909634,0.0967664117902,0.8704826513,1.0,0.725928674549,0.902782510985,0.0933040659648,0.917043432595,1.0,0.736988330722,0.465659340659
"Farenthold, Blake",tx,Republican,0.543,1.562965393,0.0,0.788261656322,0.0574685191078,0.787806317995,0.909188885989,0.680542211186,0.62006275531,0.0895172599679,0.62288204983,0.793341551675,0.493264811049,0.644895516844,0.0823747195117,0.6437190783,0.792418755931,0.511729085094,0.729807191245
"Jeffries, Hakeem",ny,Democratic,-0.491,1.392959714,0.0,0.188987283928,0.0831720698686,0.192655148673,0.348113127626,0.0,0.106823369471,0.0909795337232,0.0833665334228,0.301853347367,0.0,0.096216042513,0.0708888632439,0.0904345126352,0.236920374543,0.0,0.465212238269
"Valadao, David",ca,Republican,0.251,0.578015685,1.0,0.709158723322,0.0571132854381,0.710907954622,0.807514279905,0.597837693073,0.62331143955,0.0999308884747,0.610974446743,0.802273112995,0.454523544893,0.643837735926,0.0986359272878,0.646392932956,0.831245587683,0.463950439415,0.477856025039
"Doggett, Lloyd",tx,Democratic,-0.402,0.528925121,0.0,0.479734398961,0.0635003016661,0.482088104703,0.595615434004,0.35987421517,0.221705385043,0.0806493603228,0.203138427253,0.40642202755,0.0656878518616,0.231511700595,0.0685939798973,0.230499619212,0.366976289342,0.0962127861214,0.921587972751
"Slaughter, Louise",ny,Democratic,-0.465,1.167737603,0.0,0.0716587980386,0.0671539777455,0.0683064560918,0.195454352373,0.0,0.102799530621,0.0950126796938,0.0742171495031,0.324970532352,0.0,0.0818999333902,0.0698372037734,0.0767622240237,0.236206856579,0.0,0.185931693026
"Schakowsky, Janice",il,Democratic,-0.602,0.365556449,0.0,0.12100637771,0.0813676099565,0.117331928283,0.262614609764,0.0,0.185923492428,0.10627952564,0.155289653695,0.404971501298,0.0261386492666,0.123781571506,0.0781547465529,0.126394655389,0.269634293971,0.0,0.291175670776
"Price, Tom",ga,Republican,0.642,1.335022569,0.0,0.757484484021,0.0587746396958,0.758879310296,0.863746090839,0.650375914775,0.954044819295,0.0989912644623,1.0,1.0,0.676144765984,0.961785021781,0.0888963550192,1.0,1.0,0.69544029718,0.808308764406
"Williams, Roger",tx,Republican,0.609,0.242871895,0.0,0.843055676079,0.0541398145489,0.846204295733,0.937827948378,0.728553645627,0.773342179878,0.0979761769019,0.762785151812,0.971653484841,0.627771558113,0.807498397068,0.0984934931204,0.814402067321,0.988971271458,0.652423709051,0.463157894737
"Waters, Maxine",ca,Democratic,-0.663,0.213241264,0.0,0.480494931854,0.0700193966963,0.48378934117,0.605480352435,0.336039684261,0.12308693987,0.0855989933233,0.105141767681,0.319074169692,0.0,0.126895046202,0.0700341202418,0.124886912282,0.262454753316,0.0,0.969423558897
"Buchanan, Vern",fl,Republican,0.355,0.106620632,0.0,0.743141041138,0.061309025,0.74855065999,0.850651565979,0.623075979555,0.499035661117,0.073927240674,0.503305915616,0.643746588321,0.383164708711,0.529951491349,0.0694956760837,0.527322883895,0.665913113511,0.404996945951,0.939588805362
"Meehan, Patrick",pa,Republican,0.217,2.621768713,0.0,0.688468805537,0.0800676837763,0.685994363021,0.838727696895,0.530800087056,0.480161293741,0.0716149549561,0.473260000069,0.625071264897,0.36454618397,0.476471041071,0.0705265024619,0.478557563892,0.6278509579,0.34850082031,0.848533891851
"DeSantis, Ron",fl,Republican,0.662,1.185557365,0.0,0.994984747345,0.0181328319613,1.0,1.0,0.940151534007,0.760427553323,0.104176369661,0.755384653315,0.983944635196,0.60276378115,0.813499763685,0.105258174351,0.820346106164,1.0,0.656869422316,0.939488784559
"Rogers, Mike",al,Republican,0.333,0.148528188,0.0,0.823713411884,0.0556315669396,0.823874043331,0.929569151842,0.706974780223,0.839294324489,0.104664537559,0.836727960328,1.0,0.656979550436,0.855023807114,0.100840824885,0.874472248926,1.0,0.687689248062,0.286507009346
"Veasey, Marc",tx,Democratic,-0.414,0.060926076,0.0,0.195665172823,0.0773393072879,0.202416248332,0.326818131789,0.0356331336144,0.433141425641,0.0716335957195,0.435629671345,0.590140720131,0.314327176375,0.455529740551,0.0679167914937,0.4570591933,0.591027073662,0.327005629107,0.940981308411
"Loebsack, David",ia,Democratic,-0.282,0.137083665,0.0,0.666916910495,0.0590561757796,0.673790085765,0.766533023705,0.543285778946,0.240941312396,0.0728223212371,0.232223906241,0.401020184945,0.131670225419,0.27030758087,0.0701560431957,0.266700396993,0.409506705024,0.140204381379,0.995454545455
"Larson, John",ct,Democratic,-0.405,0.413709968,0.0,0.734797957839,0.0542604330633,0.731449736501,0.836539764574,0.615329202173,0.125025541671,0.0842851789285,0.11176770368,0.345718576476,0.0,0.169827527377,0.0766319370207,0.167550602085,0.31421995148,0.0235697678979,1.0
"DelBene, Suzan",wa,Democratic,-0.274,0.568484128,0.0,0.532429427923,0.0637088829912,0.529924240776,0.656698922832,0.419816936311,0.183538635026,0.0841424747131,0.171268145462,0.364949673354,0.0443709004206,0.199135395174,0.0769172609582,0.19650875371,0.34260508969,0.0611983427232,0.985147783251
"Cummings, Elijah",md,Democratic,-0.439,2.198918104,0.0,0.714060152191,0.0618445660372,0.711441835433,0.823363972476,0.579835115185,0.224528544309,0.0777813477621,0.212411619748,0.40024649595,0.109009873592,0.296128283011,0.0639713805786,0.295884520968,0.410578000372,0.167426111314,1.0
"Peterson, Collin",mn,Democratic,-0.144,0.181945816,1.0,0.788798678213,0.0582995859016,0.790588458253,0.894330514814,0.657933063481,0.422678257203,0.0802092400131,0.418360898163,0.593956154543,0.287456769236,0.467746246282,0.0769133504558,0.468150187327,0.614831439771,0.319610498886,0.995327102804
"Ruiz, Raul",ca,Democratic,-0.232,0.692684829,0.0,0.499014025152,0.0593108319665,0.504475987031,0.601522141724,0.366831807785,0.331660877813,0.0737015905034,0.324558513975,0.500299287583,0.206771261448,0.334221180938,0.0670091042165,0.337546665681,0.461538133256,0.207377055861,0.79898989899
"Garamendi, John",ca,Democratic,-0.313,0.060926076,0.0,0.134751174802,0.0807943637806,0.137747732685,0.277303287714,0.0,0.246550790814,0.0908343046703,0.233367883803,0.440838816381,0.0866905059221,0.154959433541,0.0792825585416,0.159707641734,0.30433170023,0.0,0.459604766056
"Barton, Joe",tx,Republican,0.529,0.076157592,0.0,0.765143087728,0.0520132548259,0.764940072981,0.864219964951,0.658163502693,0.649865314889,0.0952927583932,0.65041863159,0.818300329614,0.49919338575,0.599184552334,0.077042583372,0.597852119218,0.737905806276,0.468516611499,0.551119428849
"Cooper, Jim",tn,Democratic,-0.162,0.106620632,0.0,0.71032470168,0.0586416470157,0.715710525959,0.829551470749,0.590259805858,0.463014385466,0.0738934412812,0.463349840829,0.606635812801,0.345617620616,0.500373932944,0.0725297139902,0.504258594089,0.630197138654,0.368777737948,0.945559261962
"Meadows, Mark",nc,Republican,0.622,1.896402001,0.0,0.744576824327,0.0685324048953,0.736940015646,0.892727556379,0.605056807041,0.814908363092,0.107695193812,0.812649176749,1.0,0.656226724239,0.787902063745,0.1011951607,0.790028672766,0.993309530118,0.604611592739,0.372082242583
"Griffith, H.",va,Republican,0.531,0.228472784,0.0,0.832062157279,0.0569556212695,0.831709038849,0.933109301592,0.717612224551,0.709600466601,0.0952932736227,0.701507973716,0.877924387664,0.566681982197,0.748738469444,0.0934436394449,0.742356886984,0.923380026055,0.5994965469,0.592317032215
"Bass, Karen",ca,Democratic,-0.549,0.426091492,0.0,0.573673520998,0.0633317424099,0.572739829781,0.693016179523,0.461649435135,0.22991282018,0.0797787097378,0.206515892255,0.423548399579,0.124341785196,0.245608766872,0.0728003296618,0.249971801326,0.387910304985,0.113499974862,0.979560958096
"Bonamici, Suzanne",or,Democratic,-0.397,0.84226042,0.0,0.45933019428,0.0746106071574,0.467164873549,0.576206722559,0.320148564426,0.257562952083,0.0698033515943,0.243702088842,0.429493741922,0.151078095122,0.232738187253,0.0706549563082,0.234144574115,0.365699600741,0.10365348054,0.851176470588
"Napolitano, Grace",ca,Democratic,-0.448,0.163759708,0.0,0.749713194346,0.0966657524389,0.7432400711,0.959918249977,0.546661241166,0.29955372856,0.0829167204283,0.29094233778,0.487102409433,0.160890827723,0.365143349428,0.0744884586966,0.369235019977,0.514199050698,0.216563600949,0.994623655914
"Olson, Pete",tx,Republican,0.537,0.875541389,0.0,0.881274458827,0.0540413233368,0.88165691791,0.994566934341,0.777457552055,0.817422141156,0.096924328276,0.813403382744,1.0,0.666170724939,0.843860978607,0.102375555098,0.857083505327,1.0,0.671487097403,0.395287958115
"Schrader, Kurt",or,Democratic,-0.199,1.882436275,0.0,0.6284176609,0.0536890768746,0.630642144155,0.727165258207,0.506711677809,0.362242418773,0.0801603169718,0.348851652109,0.546427941923,0.226528697728,0.406557213518,0.0725653259699,0.40659600538,0.555681545607,0.279254691612,0.932425467271
"Flores, Bill",tx,Republican,0.619,1.911997795,0.0,0.818929801671,0.0597971102015,0.823366389893,0.918428588488,0.705501263188,0.966700119748,0.0518612840819,1.0,1.0,0.855186212048,0.956113382605,0.0599774666689,1.0,1.0,0.83769656051,0.754375135035
"Cuellar, Henry",tx,Democratic,-0.238,0.391841471,0.0,0.873396739027,0.0553928184171,0.876874217945,0.973211999433,0.760108844879,0.335839321786,0.0722606686393,0.329673386187,0.477306967138,0.211884536132,0.384142233515,0.0690556980396,0.386854294215,0.511877436155,0.255149008067,1.0
"Walden, Greg",or,Republican,0.337,2.491585732,0.0,0.875867951084,0.0582309368859,0.87621824726,0.975299781022,0.757984060312,0.45371224495,0.0780848114667,0.445731187685,0.614437901241,0.315598041592,0.487143868601,0.0685189045653,0.479231752575,0.614305977644,0.359586838638,1.0
"Hoyer, Steny",md,Democratic,-0.38,0.864034534,0.0,0.154342558645,0.0922400671261,0.175647418057,0.298619821525,0.0,0.300399998116,0.074369599532,0.291290502918,0.461039652642,0.18373889339,0.273743985227,0.0769158112584,0.273555624565,0.427518464857,0.116782884708,0.623670582291
